source,destination,permanent,isEnabled
/2,/blog,true,true
/3,/blog,true,true
/4,/blog,true,true
/5-alasan-utama-kenapa-sewa-laptop-untuk-acara-kantor-lebih-untung,/blog/5-alasan-utama-kenapa-sewa-laptop-untuk-acara-kantor-lebih-untung,true,true
/5-ide-finishing-cover-buku-yang-bikin-pembaca-jatuh-cinta-pada-pandangan-pertama,/blog/5-ide-finishing-cover-buku-yang-bikin-pembaca-jatuh-cinta-pada-pandangan-pertama,true,true
/5-jenis-kertas-terbaik-untuk-cetak-buku-novel-majalah-komik,/blog/5-jenis-kertas-terbaik-untuk-cetak-buku-novel-majalah-komik,true,true
/5-kriteria-penting-memilih-jasa-cetak-buku-terbaik-untuk-karya-anda,/blog/5-kriteria-penting-memilih-jasa-cetak-buku-terbaik-untuk-karya-anda,true,true
/5-rekomendasi-jasa-layout-buku-profesional-di-surabaya-harga-portofolio,/blog/5-rekomendasi-jasa-layout-buku-profesional-di-surabaya-harga-portofolio,true,true
/5,/blog,true,true
/6,/blog,true,true
/7-cara-merawat-laptop-agar-tidak-lemot-dan-awet-untuk-pemula,/blog/7-cara-merawat-laptop-agar-tidak-lemot-dan-awet-untuk-pemula,true,true
/7-kesalahan-fatal-saat-memilih-jasa-percetakan-buku-online-1,/blog/7-kesalahan-fatal-saat-memilih-jasa-percetakan-buku-online-1,true,true
/7-kesalahan-fatal-saat-memilih-jasa-percetakan-buku-online,/blog/7-kesalahan-fatal-saat-memilih-jasa-percetakan-buku-online,true,true
/7-langkah-wajib-menyiapkan-file-pdf-siap-cetak-agar-hasilnya-maksimal,/blog/7-langkah-wajib-menyiapkan-file-pdf-siap-cetak-agar-hasilnya-maksimal,true,true
/7,/blog,true,true
/8,/blog,true,true
/9,/blog,true,true
/10,/blog,true,true
/11,/blog,true,true
/12,/blog,true,true
/13,/blog,true,true
/14,/blog,true,true
/15,/blog,true,true
/16,/blog,true,true
/17,/blog,true,true
/18,/blog,true,true
/19,/blog,true,true
/20,/blog,true,true
/21,/blog,true,true
/22,/blog,true,true
/23,/blog,true,true
/24,/blog,true,true
/25,/blog,true,true
/26,/blog,true,true
/27,/blog,true,true
/28,/blog,true,true
/29,/blog,true,true
/30,/blog,true,true
/31,/blog,true,true
/astro-news,/blog/astro-news,true,true
/backup-recovery-surabaya-2025,/blog/backup-recovery-surabaya-2025,true,true
/berapa-biaya-cetak-buku-sendiri-ini-rincian-simulasinya,/blog/berapa-biaya-cetak-buku-sendiri-ini-rincian-simulasinya,true,true
/berapa-biaya-cetak-buku-sendiri-panduan-lengkap-untuk-penulis-pemula,/blog/berapa-biaya-cetak-buku-sendiri-panduan-lengkap-untuk-penulis-pemula,true,true
/butuh-cepat-jasa-cetak-buku-satuan-di-surabaya-siap-24-jam,/blog/butuh-cepat-jasa-cetak-buku-satuan-di-surabaya-siap-24-jam,true,true
/butuh-cepat-jasa-service-komputer-panggilan-terdekat-dari-kotacom,/blog/butuh-cepat-jasa-service-komputer-panggilan-terdekat-dari-kotacom,true,true
/butuh-cepat-opsi-jasa-cetak-buku-24-jam-di-surabaya-untuk-deadline-mepet,/blog/butuh-cepat-opsi-jasa-cetak-buku-24-jam-di-surabaya-untuk-deadline-mepet,true,true
/cara-akurat-menghitung-biaya-cetak-buku-di-surabaya-update-2025,/blog/cara-akurat-menghitung-biaya-cetak-buku-di-surabaya-update-2025,true,true
/cara-membuat-sticky-note-windows-10-1,/blog/cara-membuat-sticky-note-windows-10-1,true,true
/cara-membuat-sticky-note-windows-10,/blog/cara-membuat-sticky-note-windows-10,true,true
/cara-menyiapkan-file-siap-cetak-untuk-buku-anti-ditolak-1,/blog/cara-menyiapkan-file-siap-cetak-untuk-buku-anti-ditolak-1,true,true
/cara-menyiapkan-file-siap-cetak-untuk-buku-anti-ditolak,/blog/cara-menyiapkan-file-siap-cetak-untuk-buku-anti-ditolak,true,true
/cara-sederhana-untuk-menjaga-komputer-anda,/blog/cara-sederhana-untuk-menjaga-komputer-anda,true,true
/cari-jasa-cetak-buku-tahunan-sekolah-di-surabaya-ini-yang-perlu-diperhatikan,/blog/cari-jasa-cetak-buku-tahunan-sekolah-di-surabaya-ini-yang-perlu-diperhatikan,true,true
/category,/blog/category,true,true
/category/ac-service-amp-maintain,/blog/category/ac-service-amp-maintain,true,true
/category/ai-news,/blog/category/ai-news,true,true
/category/android,/blog/category/android,true,true
/category/api,/blog/category/api,true,true
/category/aplikasi,/blog/category/aplikasi,true,true
/category/automation,/blog/category/automation,true,true
/category/backup,/blog/category/backup,true,true
/category/biaya-cetak,/blog/category/biaya-cetak,true,true
/category/bisnis-kecil,/blog/category/bisnis-kecil,true,true
/category/blog,/blog/category/blog,true,true
/category/business-growth,/blog/category/business-growth,true,true
/category/cetak-buku-sekolah,/blog/category/cetak-buku-sekolah,true,true
/category/cetak-satuan,/blog/category/cetak-satuan,true,true
/category/cetak-spesialis,/blog/category/cetak-spesialis,true,true
/category/coworking-space,/blog/category/coworking-space,true,true
/category/custom-software,/blog/category/custom-software,true,true
/category/cybersecurity,/blog/category/cybersecurity,true,true
/category/data-protection,/blog/category/data-protection,true,true
/category/desain-cover,/blog/category/desain-cover,true,true
/category/desain-grafis,/blog/category/desain-grafis,true,true
/category/desain-layout,/blog/category/desain-layout,true,true
/category/developer-community,/blog/category/developer-community,true,true
/category/digital-transformation,/blog/category/digital-transformation,true,true
/category/digitalisasi-umkm,/blog/category/digitalisasi-umkm,true,true
/category/digitalisasi,/blog/category/digitalisasi,true,true
/category/disaster-recovery,/blog/category/disaster-recovery,true,true
/category/download-software,/blog/category/download-software,true,true
/category/e-commerce,/blog/category/e-commerce,true,true
/category/efisiensi-biaya,/blog/category/efisiensi-biaya,true,true
/category/efisiensi-waktu,/blog/category/efisiensi-waktu,true,true
/category/ekosistem-tech,/blog/category/ekosistem-tech,true,true
/category/estimasi-biaya,/blog/category/estimasi-biaya,true,true
/category/event-management,/blog/category/event-management,true,true
/category/finishing-buku,/blog/category/finishing-buku,true,true
/category/firewall,/blog/category/firewall,true,true
/category/game-pc,/blog/category/game-pc,true,true
/category/game-pc/2,/blog/category/game-pc,true,true
/category/game-pc/3,/blog/category/game-pc,true,true
/category/game-pc/4,/blog/category/game-pc,true,true
/category/game-pc/5,/blog/category/game-pc,true,true
/category/game-pc/6,/blog/category/game-pc,true,true
/category/game-pc/7,/blog/category/game-pc,true,true
/category/game-pc/8,/blog/category/game-pc,true,true
/category/game-pc/9,/blog/category/game-pc,true,true
/category/game-pc/10,/blog/category/game-pc,true,true
/category/game-pc/11,/blog/category/game-pc,true,true
/category/gps-tracker,/blog/category/gps-tracker,true,true
/category/harga-cetak,/blog/category/harga-cetak,true,true
/category/home-karaoke,/blog/category/home-karaoke,true,true
/category/infrastructure-planning,/blog/category/infrastructure-planning,true,true
/category/infrastructure,/blog/category/infrastructure,true,true
/category/inovasi-publik,/blog/category/inovasi-publik,true,true
/category/install-ulang-macbook,/blog/category/install-ulang-macbook,true,true
/category/iot,/blog/category/iot,true,true
/category/it-consultant,/blog/category/it-consultant,true,true
/category/it-strategy,/blog/category/it-strategy,true,true
/category/it-support,/blog/category/it-support,true,true
/category/jasa-install-software-windows,/blog/category/jasa-install-software-windows,true,true
/category/jasa-install-ulang-windows,/blog/category/jasa-install-ulang-windows,true,true
/category/jasa-install-ulang-windows/2,/blog/category/jasa-install-ulang-windows,true,true
/category/jasa-install,/blog/category/jasa-install,true,true
/category/jasa-isi-film-surabaya,/blog/category/jasa-isi-film-surabaya,true,true
/category/jasa-it-support,/blog/category/jasa-it-support,true,true
/category/jasa-pembuatan-website,/blog/category/jasa-pembuatan-website,true,true
/category/jasa-pendukung,/blog/category/jasa-pendukung,true,true
/category/jasa-recovery-data,/blog/category/jasa-recovery-data,true,true
/category/jasa-root-android,/blog/category/jasa-root-android,true,true
/category/jasa-upgrade-ssd-macbook,/blog/category/jasa-upgrade-ssd-macbook,true,true
/category/jasa-upgrade-ssd-windows,/blog/category/jasa-upgrade-ssd-windows,true,true
/category/jasa-website,/blog/category/jasa-website,true,true
/category/jasa,/blog/category/jasa,true,true
/category/javascript,/blog/category/javascript,true,true
/category/jual-pc-karaoke,/blog/category/jual-pc-karaoke,true,true
/category/karaoke,/blog/category/karaoke,true,true
/category/kasir,/blog/category/kasir,true,true
/category/kisah-sukses,/blog/category/kisah-sukses,true,true
/category/konsultan-digital,/blog/category/konsultan-digital,true,true
/category/konsultan-it,/blog/category/konsultan-it,true,true
/category/layanan-cepat,/blog/category/layanan-cepat,true,true
/category/layanan-cetak,/blog/category/layanan-cetak,true,true
/category/layanan-kilat,/blog/category/layanan-kilat,true,true
/category/layanan-mahasiswa,/blog/category/layanan-mahasiswa,true,true
/category/layanan-panggilan,/blog/category/layanan-panggilan,true,true
/category/layanan-tambahan,/blog/category/layanan-tambahan,true,true
/category/legalitas-buku,/blog/category/legalitas-buku,true,true
/category/macbook,/blog/category/macbook,true,true
/category/maintenance-komputer,/blog/category/maintenance-komputer,true,true
/category/maintenance,/blog/category/maintenance,true,true
/category/manajemen-anggaran,/blog/category/manajemen-anggaran,true,true
/category/material-buku,/blog/category/material-buku,true,true
/category/material-cetak,/blog/category/material-cetak,true,true
/category/metode-cetak,/blog/category/metode-cetak,true,true
/category/mobile-first,/blog/category/mobile-first,true,true
/category/monitoring,/blog/category/monitoring,true,true
/category/network-security,/blog/category/network-security,true,true
/category/new,/blog/category/new,true,true
/category/new/2,/blog/category/new,true,true
/category/online-shop,/blog/category/online-shop,true,true
/category/paket-hemat,/blog/category/paket-hemat,true,true
/category/pasang-cctv,/blog/category/pasang-cctv,true,true
/category/pcwindows,/blog/category/pcwindows,true,true
/category/penerbitan-mandiri,/blog/category/penerbitan-mandiri,true,true
/category/percetakan,/blog/category/percetakan,true,true
/category/percetakan/2,/blog/category/percetakan,true,true
/category/percetakan/3,/blog/category/percetakan,true,true
/category/percetakan/4,/blog/category/percetakan,true,true
/category/percetakan/5,/blog/category/percetakan,true,true
/category/percetakan/6,/blog/category/percetakan,true,true
/category/percetakan/7,/blog/category/percetakan,true,true
/category/percetakan/8,/blog/category/percetakan,true,true
/category/percetakan/9,/blog/category/percetakan,true,true
/category/percetakan/10,/blog/category/percetakan,true,true
/category/percetakan/11,/blog/category/percetakan,true,true
/category/percetakan/12,/blog/category/percetakan,true,true
/category/percetakan/13,/blog/category/percetakan,true,true
/category/percetakan/14,/blog/category/percetakan,true,true
/category/percetakan/15,/blog/category/percetakan,true,true
/category/percetakan/16,/blog/category/percetakan,true,true
/category/percetakan/17,/blog/category/percetakan,true,true
/category/percetakan/18,/blog/category/percetakan,true,true
/category/percetakan/19,/blog/category/percetakan,true,true
/category/percetakan/20,/blog/category/percetakan,true,true
/category/percetakan/21,/blog/category/percetakan,true,true
/category/percetakan/22,/blog/category/percetakan,true,true
/category/percetakan/23,/blog/category/percetakan,true,true
/category/percetakan/24,/blog/category/percetakan,true,true
/category/percetakan/25,/blog/category/percetakan,true,true
/category/percetakan/26,/blog/category/percetakan,true,true
/category/percetakan/27,/blog/category/percetakan,true,true
/category/percetakan/28,/blog/category/percetakan,true,true
/category/percetakan/29,/blog/category/percetakan,true,true
/category/percetakan/30,/blog/category/percetakan,true,true
/category/percetakan/31,/blog/category/percetakan,true,true
/category/percetakan/32,/blog/category/percetakan,true,true
/category/percetakan/33,/blog/category/percetakan,true,true
/category/percetakan/34,/blog/category/percetakan,true,true
/category/persiapan-file,/blog/category/persiapan-file,true,true
/category/persiapan-naskah,/blog/category/persiapan-naskah,true,true
/category/point-of-sale,/blog/category/point-of-sale,true,true
/category/pos-system,/blog/category/pos-system,true,true
/category/print-on-demand,/blog/category/print-on-demand,true,true
/category/proses-produksi,/blog/category/proses-produksi,true,true
/category/proyek-khusus,/blog/category/proyek-khusus,true,true
/category/rakit-pc,/blog/category/rakit-pc,true,true
/category/rakit-pc/2,/blog/category/rakit-pc,true,true
/category/rekomendasi,/blog/category/rekomendasi,true,true
/category/responsive-design,/blog/category/responsive-design,true,true
/category/sanity-io,/blog/category/sanity-io,true,true
/category/scalability,/blog/category/scalability,true,true
/category/server-maintenance,/blog/category/server-maintenance,true,true
/category/service-hardware-laptop-macbook-pc,/blog/category/service-hardware-laptop-macbook-pc,true,true
/category/service-komputer,/blog/category/service-komputer,true,true
/category/service-laptop,/blog/category/service-laptop,true,true
/category/service-printer,/blog/category/service-printer,true,true
/category/sewa-laptop,/blog/category/sewa-laptop,true,true
/category/sewa-rental,/blog/category/sewa-rental,true,true
/category/sidoarjo,/blog/category/sidoarjo,true,true
/category/sistem-informasi,/blog/category/sistem-informasi,true,true
/category/sistem-pos,/blog/category/sistem-pos,true,true
/category/smart-city,/blog/category/smart-city,true,true
/category/software-development,/blog/category/software-development,true,true
/category/software,/blog/category/software,true,true
/category/software/2,/blog/category/software,true,true
/category/spesifikasi-buku,/blog/category/spesifikasi-buku,true,true
/category/spesifikasi-cetak,/blog/category/spesifikasi-cetak,true,true
/category/startup-hub,/blog/category/startup-hub,true,true
/category/startup,/blog/category/startup,true,true
/category/studi-kasus,/blog/category/studi-kasus,true,true
/category/surabaya,/blog/category/surabaya,true,true
/category/surabaya/2,/blog/category/surabaya,true,true
/category/tags,/blog/category/tags,true,true
/category/tech-community,/blog/category/tech-community,true,true
/category/technical-support-24jam,/blog/category/technical-support-24jam,true,true
/category/teknik-cetak,/blog/category/teknik-cetak,true,true
/category/teknik-finishing,/blog/category/teknik-finishing,true,true
/category/teknik-jilid,/blog/category/teknik-jilid,true,true
/category/teknologi-bisnis,/blog/category/teknologi-bisnis,true,true
/category/teknologi-kota,/blog/category/teknologi-kota,true,true
/category/teknologi-percetakan,/blog/category/teknologi-percetakan,true,true
/category/teknologi,/blog/category/teknologi,true,true
/category/tes-2,/blog/category/tes-2,true,true
/category/test,/blog/category/test,true,true
/category/testq,/blog/category/testq,true,true
/category/tips-penulis,/blog/category/tips-penulis,true,true
/category/tips-perawatan,/blog/category/tips-perawatan,true,true
/category/tips-trik,/blog/category/tips-trik,true,true
/category/toko-online,/blog/category/toko-online,true,true
/category/transformasi-bisnis,/blog/category/transformasi-bisnis,true,true
/category/troubleshooting-jaringan,/blog/category/troubleshooting-jaringan,true,true
/category/troubleshooting,/blog/category/troubleshooting,true,true
/category/ui-ux,/blog/category/ui-ux,true,true
/category/umkm-online,/blog/category/umkm-online,true,true
/category/umkm,/blog/category/umkm,true,true
/category/uncategorized,/blog/category/uncategorized,true,true
/category/web-design,/blog/category/web-design,true,true
/category/web-developer-terdekat,/blog/category/web-developer-terdekat,true,true
/category/web-development,/blog/category/web-development,true,true
/category/website-bisnis,/blog/category/website-bisnis,true,true
/category/website-murah,/blog/category/website-murah,true,true
/cetak-buku-full-color-vs-hitam-putih-mana-lebih-untung,/blog/cetak-buku-full-color-vs-hitam-putih-mana-lebih-untung,true,true
/cetak-buku-satuan-di-surabaya-ini-solusi-cepat-tanpa-minimum-order,/blog/cetak-buku-satuan-di-surabaya-ini-solusi-cepat-tanpa-minimum-order,true,true
/cetak-buku-tanpa-minimum-order-ini-layanan-print-on-demand-pod-surabaya,/blog/cetak-buku-tanpa-minimum-order-ini-layanan-print-on-demand-pod-surabaya,true,true
/cetak-digital-vs-offset-mana-yang-lebih-hemat-untuk-proyek-buku-anda-di-surabaya,/blog/cetak-digital-vs-offset-mana-yang-lebih-hemat-untuk-proyek-buku-anda-di-surabaya,true,true
/coworking-space-tech-surabaya-new,/blog/coworking-space-tech-surabaya-new,true,true
/customize-your-gaming-setup-with-stylish-playstation-accessories,/blog/customize-your-gaming-setup-with-stylish-playstation-accessories,true,true
/digital-transformation-umkm-surabaya-new,/blog/digital-transformation-umkm-surabaya-new,true,true
/digital-vs-offset-mana-metode-cetak-buku-yang-tepat-untuk-kebutuhan-anda,/blog/digital-vs-offset-mana-metode-cetak-buku-yang-tepat-untuk-kebutuhan-anda,true,true
/digitalisasi-umkm-surabaya-sidoarjo-terbaik-2025-new,/blog/digitalisasi-umkm-surabaya-sidoarjo-terbaik-2025-new,true,true
/download-custom-rom-s10-plus-romofficial-lineageos-20-for-galaxy-s10e-s10-s10-s10-5g-exynos,/blog/download-custom-rom-s10-plus-romofficial-lineageos-20-for-galaxy-s10e-s10-s10-s10-5g-exynos,true,true
/download-dlc-boot-2019-v3-6-full-version-crack-latest-update,/blog/download-dlc-boot-2019-v3-6-full-version-crack-latest-update,true,true
/download-iso-windows-10-terbaru,/blog/download-iso-windows-10-terbaru,true,true
/download-oneui-5-1-for-exynos-galaxy-s10-series-1,/blog/download-oneui-5-1-for-exynos-galaxy-s10-series-1,true,true
/download-oneui-5-1-for-exynos-galaxy-s10-series,/blog/download-oneui-5-1-for-exynos-galaxy-s10-series,true,true
/download-pes-2016-iso-game-pc,/blog/download-pes-2016-iso-game-pc,true,true
/download-wondershare-filmora-9-0-7-4-full-version-terbaru-gratis-crack,/blog/download-wondershare-filmora-9-0-7-4-full-version-terbaru-gratis-crack,true,true
/elevate-your-skills-with-premium-playstation-gaming-accessories,/blog/elevate-your-skills-with-premium-playstation-gaming-accessories,true,true
/enhance-your-gaming-experience-with-cutting-edge-accessories,/blog/enhance-your-gaming-experience-with-cutting-edge-accessories,true,true
/gaming-greatness-with-the-latest-playstation-accessories-and-gadgets,/blog/gaming-greatness-with-the-latest-playstation-accessories-and-gadgets,true,true
/harga-jasa-pembuatan-website-surabaya,/blog/harga-jasa-pembuatan-website-surabaya,true,true
/hindari-revisi-7-kesalahan-fatal-saat-menyiapkan-file-siap-cetak-buku,/blog/hindari-revisi-7-kesalahan-fatal-saat-menyiapkan-file-siap-cetak-buku,true,true
/hindari-rugi-5-kesalahan-umum-penulis-pemula-saat-mencetak-buku-pertama,/blog/hindari-rugi-5-kesalahan-umum-penulis-pemula-saat-mencetak-buku-pertama,true,true
/hingga-semua-nampak-jelas-dan-bermakna,/blog/hingga-semua-nampak-jelas-dan-bermakna,true,true
/how-to-create-an-intelligent-chatbot-in-python-3,/blog/how-to-create-an-intelligent-chatbot-in-python-3,true,true
/isi-game-pc-football-manager-fm-2019-sharing-account-surabaya,/blog/isi-game-pc-football-manager-fm-2019-sharing-account-surabaya,true,true
/isi-game-pc-surabaya,/blog/isi-game-pc-surabaya,true,true
/it-infrastructure-planning-surabaya,/blog/it-infrastructure-planning-surabaya,true,true
/jangan-salah-pilih-7-tips-memilih-jenis-kertas-terbaik-untuk-cetak-buku,/blog/jangan-salah-pilih-7-tips-memilih-jenis-kertas-terbaik-untuk-cetak-buku,true,true
/jangan-salah-pilih-panduan-lengkap-memilih-jenis-kertas-terbaik-untuk-buku-anda,/blog/jangan-salah-pilih-panduan-lengkap-memilih-jenis-kertas-terbaik-untuk-buku-anda,true,true
/jasa-cetak-buku-aceh-barat-daya,/blog/jasa-cetak-buku-aceh-barat-daya,true,true
/jasa-cetak-buku-aceh-barat,/blog/jasa-cetak-buku-aceh-barat,true,true
/jasa-cetak-buku-aceh-besar,/blog/jasa-cetak-buku-aceh-besar,true,true
/jasa-cetak-buku-aceh-jaya,/blog/jasa-cetak-buku-aceh-jaya,true,true
/jasa-cetak-buku-aceh-selatan,/blog/jasa-cetak-buku-aceh-selatan,true,true
/jasa-cetak-buku-aceh-singkil,/blog/jasa-cetak-buku-aceh-singkil,true,true
/jasa-cetak-buku-aceh-tamiang,/blog/jasa-cetak-buku-aceh-tamiang,true,true
/jasa-cetak-buku-aceh-tengah,/blog/jasa-cetak-buku-aceh-tengah,true,true
/jasa-cetak-buku-aceh-tenggara,/blog/jasa-cetak-buku-aceh-tenggara,true,true
/jasa-cetak-buku-aceh-timur,/blog/jasa-cetak-buku-aceh-timur,true,true
/jasa-cetak-buku-aceh-utara,/blog/jasa-cetak-buku-aceh-utara,true,true
/jasa-cetak-buku-agam,/blog/jasa-cetak-buku-agam,true,true
/jasa-cetak-buku-alor,/blog/jasa-cetak-buku-alor,true,true
/jasa-cetak-buku-ambon,/blog/jasa-cetak-buku-ambon,true,true
/jasa-cetak-buku-asahan,/blog/jasa-cetak-buku-asahan,true,true
/jasa-cetak-buku-asmat,/blog/jasa-cetak-buku-asmat,true,true
/jasa-cetak-buku-badung,/blog/jasa-cetak-buku-badung,true,true
/jasa-cetak-buku-balangan,/blog/jasa-cetak-buku-balangan,true,true
/jasa-cetak-buku-balikpapan,/blog/jasa-cetak-buku-balikpapan,true,true
/jasa-cetak-buku-banda-aceh,/blog/jasa-cetak-buku-banda-aceh,true,true
/jasa-cetak-buku-bandar-lampung,/blog/jasa-cetak-buku-bandar-lampung,true,true
/jasa-cetak-buku-banggai-kepulauan,/blog/jasa-cetak-buku-banggai-kepulauan,true,true
/jasa-cetak-buku-banggai-laut,/blog/jasa-cetak-buku-banggai-laut,true,true
/jasa-cetak-buku-banggai,/blog/jasa-cetak-buku-banggai,true,true
/jasa-cetak-buku-bangka-barat,/blog/jasa-cetak-buku-bangka-barat,true,true
/jasa-cetak-buku-bangka-selatan,/blog/jasa-cetak-buku-bangka-selatan,true,true
/jasa-cetak-buku-bangka-tengah,/blog/jasa-cetak-buku-bangka-tengah,true,true
/jasa-cetak-buku-bangka,/blog/jasa-cetak-buku-bangka,true,true
/jasa-cetak-buku-bangli,/blog/jasa-cetak-buku-bangli,true,true
/jasa-cetak-buku-banjar,/blog/jasa-cetak-buku-banjar,true,true
/jasa-cetak-buku-banjarbaru,/blog/jasa-cetak-buku-banjarbaru,true,true
/jasa-cetak-buku-banjarmasin,/blog/jasa-cetak-buku-banjarmasin,true,true
/jasa-cetak-buku-bantaeng,/blog/jasa-cetak-buku-bantaeng,true,true
/jasa-cetak-buku-banyuasin,/blog/jasa-cetak-buku-banyuasin,true,true
/jasa-cetak-buku-barito-kuala,/blog/jasa-cetak-buku-barito-kuala,true,true
/jasa-cetak-buku-barito-selatan,/blog/jasa-cetak-buku-barito-selatan,true,true
/jasa-cetak-buku-barito-timur,/blog/jasa-cetak-buku-barito-timur,true,true
/jasa-cetak-buku-barito-utara,/blog/jasa-cetak-buku-barito-utara,true,true
/jasa-cetak-buku-barru,/blog/jasa-cetak-buku-barru,true,true
/jasa-cetak-buku-batam,/blog/jasa-cetak-buku-batam,true,true
/jasa-cetak-buku-batanghari,/blog/jasa-cetak-buku-batanghari,true,true
/jasa-cetak-buku-batu-bara,/blog/jasa-cetak-buku-batu-bara,true,true
/jasa-cetak-buku-bau-bau,/blog/jasa-cetak-buku-bau-bau,true,true
/jasa-cetak-buku-belitung-timur,/blog/jasa-cetak-buku-belitung-timur,true,true
/jasa-cetak-buku-belitung,/blog/jasa-cetak-buku-belitung,true,true
/jasa-cetak-buku-belu,/blog/jasa-cetak-buku-belu,true,true
/jasa-cetak-buku-bener-meriah,/blog/jasa-cetak-buku-bener-meriah,true,true
/jasa-cetak-buku-bengkalis,/blog/jasa-cetak-buku-bengkalis,true,true
/jasa-cetak-buku-bengkayang,/blog/jasa-cetak-buku-bengkayang,true,true
/jasa-cetak-buku-bengkulu-selatan,/blog/jasa-cetak-buku-bengkulu-selatan,true,true
/jasa-cetak-buku-bengkulu-tengah,/blog/jasa-cetak-buku-bengkulu-tengah,true,true
/jasa-cetak-buku-bengkulu-utara,/blog/jasa-cetak-buku-bengkulu-utara,true,true
/jasa-cetak-buku-bengkulu,/blog/jasa-cetak-buku-bengkulu,true,true
/jasa-cetak-buku-berau,/blog/jasa-cetak-buku-berau,true,true
/jasa-cetak-buku-biak-numfor,/blog/jasa-cetak-buku-biak-numfor,true,true
/jasa-cetak-buku-bima,/blog/jasa-cetak-buku-bima,true,true
/jasa-cetak-buku-binjai,/blog/jasa-cetak-buku-binjai,true,true
/jasa-cetak-buku-bintan,/blog/jasa-cetak-buku-bintan,true,true
/jasa-cetak-buku-bireuen,/blog/jasa-cetak-buku-bireuen,true,true
/jasa-cetak-buku-bitung,/blog/jasa-cetak-buku-bitung,true,true
/jasa-cetak-buku-boalemo,/blog/jasa-cetak-buku-boalemo,true,true
/jasa-cetak-buku-bolaang-mongondow-selatan,/blog/jasa-cetak-buku-bolaang-mongondow-selatan,true,true
/jasa-cetak-buku-bolaang-mongondow-timur,/blog/jasa-cetak-buku-bolaang-mongondow-timur,true,true
/jasa-cetak-buku-bolaang-mongondow-utara,/blog/jasa-cetak-buku-bolaang-mongondow-utara,true,true
/jasa-cetak-buku-bolaang-mongondow,/blog/jasa-cetak-buku-bolaang-mongondow,true,true
/jasa-cetak-buku-bombana,/blog/jasa-cetak-buku-bombana,true,true
/jasa-cetak-buku-bone-bolango,/blog/jasa-cetak-buku-bone-bolango,true,true
/jasa-cetak-buku-bone,/blog/jasa-cetak-buku-bone,true,true
/jasa-cetak-buku-bontang,/blog/jasa-cetak-buku-bontang,true,true
/jasa-cetak-buku-boven-digoel,/blog/jasa-cetak-buku-boven-digoel,true,true
/jasa-cetak-buku-bukittinggi,/blog/jasa-cetak-buku-bukittinggi,true,true
/jasa-cetak-buku-buleleng,/blog/jasa-cetak-buku-buleleng,true,true
/jasa-cetak-buku-bulukumba,/blog/jasa-cetak-buku-bulukumba,true,true
/jasa-cetak-buku-bulungan,/blog/jasa-cetak-buku-bulungan,true,true
/jasa-cetak-buku-bungo,/blog/jasa-cetak-buku-bungo,true,true
/jasa-cetak-buku-buol,/blog/jasa-cetak-buku-buol,true,true
/jasa-cetak-buku-buru-selatan,/blog/jasa-cetak-buku-buru-selatan,true,true
/jasa-cetak-buku-buru,/blog/jasa-cetak-buku-buru,true,true
/jasa-cetak-buku-buton-selatan,/blog/jasa-cetak-buku-buton-selatan,true,true
/jasa-cetak-buku-buton-tengah,/blog/jasa-cetak-buku-buton-tengah,true,true
/jasa-cetak-buku-buton-utara,/blog/jasa-cetak-buku-buton-utara,true,true
/jasa-cetak-buku-buton,/blog/jasa-cetak-buku-buton,true,true
/jasa-cetak-buku-dairi,/blog/jasa-cetak-buku-dairi,true,true
/jasa-cetak-buku-dari-pdf-surabaya,/blog/jasa-cetak-buku-dari-pdf-surabaya,true,true
/jasa-cetak-buku-deiyai,/blog/jasa-cetak-buku-deiyai,true,true
/jasa-cetak-buku-deli-serdang,/blog/jasa-cetak-buku-deli-serdang,true,true
/jasa-cetak-buku-denpasar,/blog/jasa-cetak-buku-denpasar,true,true
/jasa-cetak-buku-dharmasraya,/blog/jasa-cetak-buku-dharmasraya,true,true
/jasa-cetak-buku-dogiyai,/blog/jasa-cetak-buku-dogiyai,true,true
/jasa-cetak-buku-dompu,/blog/jasa-cetak-buku-dompu,true,true
/jasa-cetak-buku-donggala,/blog/jasa-cetak-buku-donggala,true,true
/jasa-cetak-buku-dumai,/blog/jasa-cetak-buku-dumai,true,true
/jasa-cetak-buku-edisi-terbatas-untuk-komunitas-merchandise,/blog/jasa-cetak-buku-edisi-terbatas-untuk-komunitas-merchandise,true,true
/jasa-cetak-buku-empat-lawang,/blog/jasa-cetak-buku-empat-lawang,true,true
/jasa-cetak-buku-ende,/blog/jasa-cetak-buku-ende,true,true
/jasa-cetak-buku-enrekang,/blog/jasa-cetak-buku-enrekang,true,true
/jasa-cetak-buku-fakfak,/blog/jasa-cetak-buku-fakfak,true,true
/jasa-cetak-buku-flores-timur,/blog/jasa-cetak-buku-flores-timur,true,true
/jasa-cetak-buku-gayo-lues,/blog/jasa-cetak-buku-gayo-lues,true,true
/jasa-cetak-buku-gianyar,/blog/jasa-cetak-buku-gianyar,true,true
/jasa-cetak-buku-gorontalo-utara,/blog/jasa-cetak-buku-gorontalo-utara,true,true
/jasa-cetak-buku-gorontalo,/blog/jasa-cetak-buku-gorontalo,true,true
/jasa-cetak-buku-gowa,/blog/jasa-cetak-buku-gowa,true,true
/jasa-cetak-buku-gunung-mas,/blog/jasa-cetak-buku-gunung-mas,true,true
/jasa-cetak-buku-gunungsitoli,/blog/jasa-cetak-buku-gunungsitoli,true,true
/jasa-cetak-buku-halmahera-barat,/blog/jasa-cetak-buku-halmahera-barat,true,true
/jasa-cetak-buku-halmahera-selatan,/blog/jasa-cetak-buku-halmahera-selatan,true,true
/jasa-cetak-buku-halmahera-tengah,/blog/jasa-cetak-buku-halmahera-tengah,true,true
/jasa-cetak-buku-halmahera-timur,/blog/jasa-cetak-buku-halmahera-timur,true,true
/jasa-cetak-buku-halmahera-utara,/blog/jasa-cetak-buku-halmahera-utara,true,true
/jasa-cetak-buku-hulu-sungai-selatan,/blog/jasa-cetak-buku-hulu-sungai-selatan,true,true
/jasa-cetak-buku-hulu-sungai-tengah,/blog/jasa-cetak-buku-hulu-sungai-tengah,true,true
/jasa-cetak-buku-hulu-sungai-utara,/blog/jasa-cetak-buku-hulu-sungai-utara,true,true
/jasa-cetak-buku-humbang-hasundutan,/blog/jasa-cetak-buku-humbang-hasundutan,true,true
/jasa-cetak-buku-indragiri-hilir,/blog/jasa-cetak-buku-indragiri-hilir,true,true
/jasa-cetak-buku-indragiri-hulu,/blog/jasa-cetak-buku-indragiri-hulu,true,true
/jasa-cetak-buku-intan-jaya,/blog/jasa-cetak-buku-intan-jaya,true,true
/jasa-cetak-buku-jambi,/blog/jasa-cetak-buku-jambi,true,true
/jasa-cetak-buku-jayapura,/blog/jasa-cetak-buku-jayapura,true,true
/jasa-cetak-buku-jayawijaya,/blog/jasa-cetak-buku-jayawijaya,true,true
/jasa-cetak-buku-jembrana,/blog/jasa-cetak-buku-jembrana,true,true
/jasa-cetak-buku-jeneponto,/blog/jasa-cetak-buku-jeneponto,true,true
/jasa-cetak-buku-kaimana,/blog/jasa-cetak-buku-kaimana,true,true
/jasa-cetak-buku-kampar,/blog/jasa-cetak-buku-kampar,true,true
/jasa-cetak-buku-kapuas-hulu,/blog/jasa-cetak-buku-kapuas-hulu,true,true
/jasa-cetak-buku-kapuas,/blog/jasa-cetak-buku-kapuas,true,true
/jasa-cetak-buku-karangasem,/blog/jasa-cetak-buku-karangasem,true,true
/jasa-cetak-buku-karimun,/blog/jasa-cetak-buku-karimun,true,true
/jasa-cetak-buku-karo,/blog/jasa-cetak-buku-karo,true,true
/jasa-cetak-buku-katingan,/blog/jasa-cetak-buku-katingan,true,true
/jasa-cetak-buku-kaur,/blog/jasa-cetak-buku-kaur,true,true
/jasa-cetak-buku-kayong-utara,/blog/jasa-cetak-buku-kayong-utara,true,true
/jasa-cetak-buku-keerom,/blog/jasa-cetak-buku-keerom,true,true
/jasa-cetak-buku-kendari,/blog/jasa-cetak-buku-kendari,true,true
/jasa-cetak-buku-kepahiang,/blog/jasa-cetak-buku-kepahiang,true,true
/jasa-cetak-buku-kepulauan-anambas,/blog/jasa-cetak-buku-kepulauan-anambas,true,true
/jasa-cetak-buku-kepulauan-aru,/blog/jasa-cetak-buku-kepulauan-aru,true,true
/jasa-cetak-buku-kepulauan-mentawai,/blog/jasa-cetak-buku-kepulauan-mentawai,true,true
/jasa-cetak-buku-kepulauan-meranti,/blog/jasa-cetak-buku-kepulauan-meranti,true,true
/jasa-cetak-buku-kepulauan-sangihe,/blog/jasa-cetak-buku-kepulauan-sangihe,true,true
/jasa-cetak-buku-kepulauan-selayar,/blog/jasa-cetak-buku-kepulauan-selayar,true,true
/jasa-cetak-buku-kepulauan-siau-tagulandang-biaro,/blog/jasa-cetak-buku-kepulauan-siau-tagulandang-biaro,true,true
/jasa-cetak-buku-kepulauan-sula,/blog/jasa-cetak-buku-kepulauan-sula,true,true
/jasa-cetak-buku-kepulauan-talaud,/blog/jasa-cetak-buku-kepulauan-talaud,true,true
/jasa-cetak-buku-kepulauan-tanimbar,/blog/jasa-cetak-buku-kepulauan-tanimbar,true,true
/jasa-cetak-buku-kepulauan-yapen,/blog/jasa-cetak-buku-kepulauan-yapen,true,true
/jasa-cetak-buku-kerinci,/blog/jasa-cetak-buku-kerinci,true,true
/jasa-cetak-buku-ketapang,/blog/jasa-cetak-buku-ketapang,true,true
/jasa-cetak-buku-klungkung,/blog/jasa-cetak-buku-klungkung,true,true
/jasa-cetak-buku-kolaka-timur,/blog/jasa-cetak-buku-kolaka-timur,true,true
/jasa-cetak-buku-kolaka-utara,/blog/jasa-cetak-buku-kolaka-utara,true,true
/jasa-cetak-buku-kolaka,/blog/jasa-cetak-buku-kolaka,true,true
/jasa-cetak-buku-konawe-kepulauan,/blog/jasa-cetak-buku-konawe-kepulauan,true,true
/jasa-cetak-buku-konawe-selatan,/blog/jasa-cetak-buku-konawe-selatan,true,true
/jasa-cetak-buku-konawe-utara,/blog/jasa-cetak-buku-konawe-utara,true,true
/jasa-cetak-buku-konawe,/blog/jasa-cetak-buku-konawe,true,true
/jasa-cetak-buku-kotabaru,/blog/jasa-cetak-buku-kotabaru,true,true
/jasa-cetak-buku-kotamobagu,/blog/jasa-cetak-buku-kotamobagu,true,true
/jasa-cetak-buku-kotawaringin-barat,/blog/jasa-cetak-buku-kotawaringin-barat,true,true
/jasa-cetak-buku-kotawaringin-timur,/blog/jasa-cetak-buku-kotawaringin-timur,true,true
/jasa-cetak-buku-kuantan-singingi,/blog/jasa-cetak-buku-kuantan-singingi,true,true
/jasa-cetak-buku-kubu-raya,/blog/jasa-cetak-buku-kubu-raya,true,true
/jasa-cetak-buku-kupang,/blog/jasa-cetak-buku-kupang,true,true
/jasa-cetak-buku-kutai-barat,/blog/jasa-cetak-buku-kutai-barat,true,true
/jasa-cetak-buku-kutai-kartanegara,/blog/jasa-cetak-buku-kutai-kartanegara,true,true
/jasa-cetak-buku-kutai-timur,/blog/jasa-cetak-buku-kutai-timur,true,true
/jasa-cetak-buku-labuhanbatu-selatan,/blog/jasa-cetak-buku-labuhanbatu-selatan,true,true
/jasa-cetak-buku-labuhanbatu-utara,/blog/jasa-cetak-buku-labuhanbatu-utara,true,true
/jasa-cetak-buku-labuhanbatu,/blog/jasa-cetak-buku-labuhanbatu,true,true
/jasa-cetak-buku-lahat,/blog/jasa-cetak-buku-lahat,true,true
/jasa-cetak-buku-lamandau,/blog/jasa-cetak-buku-lamandau,true,true
/jasa-cetak-buku-lampung-barat,/blog/jasa-cetak-buku-lampung-barat,true,true
/jasa-cetak-buku-lampung-selatan,/blog/jasa-cetak-buku-lampung-selatan,true,true
/jasa-cetak-buku-lampung-tengah,/blog/jasa-cetak-buku-lampung-tengah,true,true
/jasa-cetak-buku-lampung-timur,/blog/jasa-cetak-buku-lampung-timur,true,true
/jasa-cetak-buku-lampung-utara,/blog/jasa-cetak-buku-lampung-utara,true,true
/jasa-cetak-buku-landak,/blog/jasa-cetak-buku-landak,true,true
/jasa-cetak-buku-langkat,/blog/jasa-cetak-buku-langkat,true,true
/jasa-cetak-buku-langsa,/blog/jasa-cetak-buku-langsa,true,true
/jasa-cetak-buku-lanny-jaya,/blog/jasa-cetak-buku-lanny-jaya,true,true
/jasa-cetak-buku-lebong,/blog/jasa-cetak-buku-lebong,true,true
/jasa-cetak-buku-lembata,/blog/jasa-cetak-buku-lembata,true,true
/jasa-cetak-buku-lhokseumawe,/blog/jasa-cetak-buku-lhokseumawe,true,true
/jasa-cetak-buku-lima-puluh-kota,/blog/jasa-cetak-buku-lima-puluh-kota,true,true
/jasa-cetak-buku-lingga,/blog/jasa-cetak-buku-lingga,true,true
/jasa-cetak-buku-lombok-barat,/blog/jasa-cetak-buku-lombok-barat,true,true
/jasa-cetak-buku-lombok-tengah,/blog/jasa-cetak-buku-lombok-tengah,true,true
/jasa-cetak-buku-lombok-timur,/blog/jasa-cetak-buku-lombok-timur,true,true
/jasa-cetak-buku-lombok-utara,/blog/jasa-cetak-buku-lombok-utara,true,true
/jasa-cetak-buku-lubuklinggau,/blog/jasa-cetak-buku-lubuklinggau,true,true
/jasa-cetak-buku-luwu-timur,/blog/jasa-cetak-buku-luwu-timur,true,true
/jasa-cetak-buku-luwu-utara,/blog/jasa-cetak-buku-luwu-utara,true,true
/jasa-cetak-buku-luwu,/blog/jasa-cetak-buku-luwu,true,true
/jasa-cetak-buku-mahakam-ulu,/blog/jasa-cetak-buku-mahakam-ulu,true,true
/jasa-cetak-buku-majene,/blog/jasa-cetak-buku-majene,true,true
/jasa-cetak-buku-makassar,/blog/jasa-cetak-buku-makassar,true,true
/jasa-cetak-buku-malaka,/blog/jasa-cetak-buku-malaka,true,true
/jasa-cetak-buku-malinau,/blog/jasa-cetak-buku-malinau,true,true
/jasa-cetak-buku-maluku-barat-daya,/blog/jasa-cetak-buku-maluku-barat-daya,true,true
/jasa-cetak-buku-maluku-tengah,/blog/jasa-cetak-buku-maluku-tengah,true,true
/jasa-cetak-buku-maluku-tenggara,/blog/jasa-cetak-buku-maluku-tenggara,true,true
/jasa-cetak-buku-mamasa,/blog/jasa-cetak-buku-mamasa,true,true
/jasa-cetak-buku-mamberamo-raya,/blog/jasa-cetak-buku-mamberamo-raya,true,true
/jasa-cetak-buku-mamberamo-tengah,/blog/jasa-cetak-buku-mamberamo-tengah,true,true
/jasa-cetak-buku-mamuju-tengah,/blog/jasa-cetak-buku-mamuju-tengah,true,true
/jasa-cetak-buku-mamuju,/blog/jasa-cetak-buku-mamuju,true,true
/jasa-cetak-buku-manado,/blog/jasa-cetak-buku-manado,true,true
/jasa-cetak-buku-mandailing-natal,/blog/jasa-cetak-buku-mandailing-natal,true,true
/jasa-cetak-buku-manggarai-barat,/blog/jasa-cetak-buku-manggarai-barat,true,true
/jasa-cetak-buku-manggarai-timur,/blog/jasa-cetak-buku-manggarai-timur,true,true
/jasa-cetak-buku-manggarai,/blog/jasa-cetak-buku-manggarai,true,true
/jasa-cetak-buku-manokwari-selatan,/blog/jasa-cetak-buku-manokwari-selatan,true,true
/jasa-cetak-buku-manokwari,/blog/jasa-cetak-buku-manokwari,true,true
/jasa-cetak-buku-mappi,/blog/jasa-cetak-buku-mappi,true,true
/jasa-cetak-buku-maros,/blog/jasa-cetak-buku-maros,true,true
/jasa-cetak-buku-mataram,/blog/jasa-cetak-buku-mataram,true,true
/jasa-cetak-buku-maybrat,/blog/jasa-cetak-buku-maybrat,true,true
/jasa-cetak-buku-medan,/blog/jasa-cetak-buku-medan,true,true
/jasa-cetak-buku-melawi,/blog/jasa-cetak-buku-melawi,true,true
/jasa-cetak-buku-mempawah,/blog/jasa-cetak-buku-mempawah,true,true
/jasa-cetak-buku-merangin,/blog/jasa-cetak-buku-merangin,true,true
/jasa-cetak-buku-merauke,/blog/jasa-cetak-buku-merauke,true,true
/jasa-cetak-buku-mesuji,/blog/jasa-cetak-buku-mesuji,true,true
/jasa-cetak-buku-metro,/blog/jasa-cetak-buku-metro,true,true
/jasa-cetak-buku-mimika,/blog/jasa-cetak-buku-mimika,true,true
/jasa-cetak-buku-minahasa-selatan,/blog/jasa-cetak-buku-minahasa-selatan,true,true
/jasa-cetak-buku-minahasa-tenggara,/blog/jasa-cetak-buku-minahasa-tenggara,true,true
/jasa-cetak-buku-minahasa-utara,/blog/jasa-cetak-buku-minahasa-utara,true,true
/jasa-cetak-buku-minahasa,/blog/jasa-cetak-buku-minahasa,true,true
/jasa-cetak-buku-mojokerto,/blog/jasa-cetak-buku-mojokerto,true,true
/jasa-cetak-buku-morowali-utara,/blog/jasa-cetak-buku-morowali-utara,true,true
/jasa-cetak-buku-morowali,/blog/jasa-cetak-buku-morowali,true,true
/jasa-cetak-buku-muara-enim,/blog/jasa-cetak-buku-muara-enim,true,true
/jasa-cetak-buku-muaro-jambi,/blog/jasa-cetak-buku-muaro-jambi,true,true
/jasa-cetak-buku-mukomuko,/blog/jasa-cetak-buku-mukomuko,true,true
/jasa-cetak-buku-muna-barat,/blog/jasa-cetak-buku-muna-barat,true,true
/jasa-cetak-buku-muna,/blog/jasa-cetak-buku-muna,true,true
/jasa-cetak-buku-murung-raya,/blog/jasa-cetak-buku-murung-raya,true,true
/jasa-cetak-buku-musi-banyuasin,/blog/jasa-cetak-buku-musi-banyuasin,true,true
/jasa-cetak-buku-musi-rawas-utara,/blog/jasa-cetak-buku-musi-rawas-utara,true,true
/jasa-cetak-buku-musi-rawas,/blog/jasa-cetak-buku-musi-rawas,true,true
/jasa-cetak-buku-nabire,/blog/jasa-cetak-buku-nabire,true,true
/jasa-cetak-buku-nagan-raya,/blog/jasa-cetak-buku-nagan-raya,true,true
/jasa-cetak-buku-nagekeo,/blog/jasa-cetak-buku-nagekeo,true,true
/jasa-cetak-buku-natuna,/blog/jasa-cetak-buku-natuna,true,true
/jasa-cetak-buku-nduga,/blog/jasa-cetak-buku-nduga,true,true
/jasa-cetak-buku-ngada,/blog/jasa-cetak-buku-ngada,true,true
/jasa-cetak-buku-nias-barat,/blog/jasa-cetak-buku-nias-barat,true,true
/jasa-cetak-buku-nias-selatan,/blog/jasa-cetak-buku-nias-selatan,true,true
/jasa-cetak-buku-nias-utara,/blog/jasa-cetak-buku-nias-utara,true,true
/jasa-cetak-buku-nias,/blog/jasa-cetak-buku-nias,true,true
/jasa-cetak-buku-novel-murah,/blog/jasa-cetak-buku-novel-murah,true,true
/jasa-cetak-buku-nunukan,/blog/jasa-cetak-buku-nunukan,true,true
/jasa-cetak-buku-ogan-ilir,/blog/jasa-cetak-buku-ogan-ilir,true,true
/jasa-cetak-buku-ogan-komering-ilir,/blog/jasa-cetak-buku-ogan-komering-ilir,true,true
/jasa-cetak-buku-ogan-komering-ulu-selatan,/blog/jasa-cetak-buku-ogan-komering-ulu-selatan,true,true
/jasa-cetak-buku-ogan-komering-ulu-timur,/blog/jasa-cetak-buku-ogan-komering-ulu-timur,true,true
/jasa-cetak-buku-ogan-komering-ulu,/blog/jasa-cetak-buku-ogan-komering-ulu,true,true
/jasa-cetak-buku-on-demand-solusi-cerdas-penulis-pemula,/blog/jasa-cetak-buku-on-demand-solusi-cerdas-penulis-pemula,true,true
/jasa-cetak-buku-padang-lawas-utara,/blog/jasa-cetak-buku-padang-lawas-utara,true,true
/jasa-cetak-buku-padang-lawas,/blog/jasa-cetak-buku-padang-lawas,true,true
/jasa-cetak-buku-padang-pariaman,/blog/jasa-cetak-buku-padang-pariaman,true,true
/jasa-cetak-buku-padang,/blog/jasa-cetak-buku-padang,true,true
/jasa-cetak-buku-padangpanjang,/blog/jasa-cetak-buku-padangpanjang,true,true
/jasa-cetak-buku-padangsidempuan,/blog/jasa-cetak-buku-padangsidempuan,true,true
/jasa-cetak-buku-pagar-alam,/blog/jasa-cetak-buku-pagar-alam,true,true
/jasa-cetak-buku-pakpak-bharat,/blog/jasa-cetak-buku-pakpak-bharat,true,true
/jasa-cetak-buku-palangka-raya,/blog/jasa-cetak-buku-palangka-raya,true,true
/jasa-cetak-buku-palembang,/blog/jasa-cetak-buku-palembang,true,true
/jasa-cetak-buku-palopo,/blog/jasa-cetak-buku-palopo,true,true
/jasa-cetak-buku-palu,/blog/jasa-cetak-buku-palu,true,true
/jasa-cetak-buku-pangkajene-dan-kepulauan,/blog/jasa-cetak-buku-pangkajene-dan-kepulauan,true,true
/jasa-cetak-buku-pangkal-pinang,/blog/jasa-cetak-buku-pangkal-pinang,true,true
/jasa-cetak-buku-paniai,/blog/jasa-cetak-buku-paniai,true,true
/jasa-cetak-buku-parepare,/blog/jasa-cetak-buku-parepare,true,true
/jasa-cetak-buku-pariaman,/blog/jasa-cetak-buku-pariaman,true,true
/jasa-cetak-buku-parigi-moutong,/blog/jasa-cetak-buku-parigi-moutong,true,true
/jasa-cetak-buku-pasaman-barat,/blog/jasa-cetak-buku-pasaman-barat,true,true
/jasa-cetak-buku-pasaman,/blog/jasa-cetak-buku-pasaman,true,true
/jasa-cetak-buku-pasangkayu,/blog/jasa-cetak-buku-pasangkayu,true,true
/jasa-cetak-buku-paser,/blog/jasa-cetak-buku-paser,true,true
/jasa-cetak-buku-payakumbuh,/blog/jasa-cetak-buku-payakumbuh,true,true
/jasa-cetak-buku-pegunungan-arfak,/blog/jasa-cetak-buku-pegunungan-arfak,true,true
/jasa-cetak-buku-pegunungan-bintang,/blog/jasa-cetak-buku-pegunungan-bintang,true,true
/jasa-cetak-buku-pekanbaru,/blog/jasa-cetak-buku-pekanbaru,true,true
/jasa-cetak-buku-pelalawan,/blog/jasa-cetak-buku-pelalawan,true,true
/jasa-cetak-buku-pematangsiantar,/blog/jasa-cetak-buku-pematangsiantar,true,true
/jasa-cetak-buku-penajam-paser-utara,/blog/jasa-cetak-buku-penajam-paser-utara,true,true
/jasa-cetak-buku-penukal-abab-lematang-ilir,/blog/jasa-cetak-buku-penukal-abab-lematang-ilir,true,true
/jasa-cetak-buku-pesawaran,/blog/jasa-cetak-buku-pesawaran,true,true
/jasa-cetak-buku-pesisir-barat,/blog/jasa-cetak-buku-pesisir-barat,true,true
/jasa-cetak-buku-pesisir-selatan,/blog/jasa-cetak-buku-pesisir-selatan,true,true
/jasa-cetak-buku-pidie-jaya,/blog/jasa-cetak-buku-pidie-jaya,true,true
/jasa-cetak-buku-pidie,/blog/jasa-cetak-buku-pidie,true,true
/jasa-cetak-buku-pinrang,/blog/jasa-cetak-buku-pinrang,true,true
/jasa-cetak-buku-pohuwato,/blog/jasa-cetak-buku-pohuwato,true,true
/jasa-cetak-buku-polewali-mandar,/blog/jasa-cetak-buku-polewali-mandar,true,true
/jasa-cetak-buku-pontianak,/blog/jasa-cetak-buku-pontianak,true,true
/jasa-cetak-buku-poso,/blog/jasa-cetak-buku-poso,true,true
/jasa-cetak-buku-prabumulih,/blog/jasa-cetak-buku-prabumulih,true,true
/jasa-cetak-buku-pringsewu,/blog/jasa-cetak-buku-pringsewu,true,true
/jasa-cetak-buku-pulang-pisau,/blog/jasa-cetak-buku-pulang-pisau,true,true
/jasa-cetak-buku-pulau-morotai,/blog/jasa-cetak-buku-pulau-morotai,true,true
/jasa-cetak-buku-pulau-taliabu,/blog/jasa-cetak-buku-pulau-taliabu,true,true
/jasa-cetak-buku-puncak-jaya,/blog/jasa-cetak-buku-puncak-jaya,true,true
/jasa-cetak-buku-puncak,/blog/jasa-cetak-buku-puncak,true,true
/jasa-cetak-buku-raja-ampat,/blog/jasa-cetak-buku-raja-ampat,true,true
/jasa-cetak-buku-rejang-lebong,/blog/jasa-cetak-buku-rejang-lebong,true,true
/jasa-cetak-buku-rokan-hilir,/blog/jasa-cetak-buku-rokan-hilir,true,true
/jasa-cetak-buku-rokan-hulu,/blog/jasa-cetak-buku-rokan-hulu,true,true
/jasa-cetak-buku-rote-ndao,/blog/jasa-cetak-buku-rote-ndao,true,true
/jasa-cetak-buku-sabang,/blog/jasa-cetak-buku-sabang,true,true
/jasa-cetak-buku-sabu-raijua,/blog/jasa-cetak-buku-sabu-raijua,true,true
/jasa-cetak-buku-samarinda,/blog/jasa-cetak-buku-samarinda,true,true
/jasa-cetak-buku-sambas,/blog/jasa-cetak-buku-sambas,true,true
/jasa-cetak-buku-samosir,/blog/jasa-cetak-buku-samosir,true,true
/jasa-cetak-buku-sanggau,/blog/jasa-cetak-buku-sanggau,true,true
/jasa-cetak-buku-sarmi,/blog/jasa-cetak-buku-sarmi,true,true
/jasa-cetak-buku-sarolangun,/blog/jasa-cetak-buku-sarolangun,true,true
/jasa-cetak-buku-satuan-terdekat-ini-5-pilihan-terbaik,/blog/jasa-cetak-buku-satuan-terdekat-ini-5-pilihan-terbaik,true,true
/jasa-cetak-buku-sawahlunto,/blog/jasa-cetak-buku-sawahlunto,true,true
/jasa-cetak-buku-sekadau,/blog/jasa-cetak-buku-sekadau,true,true
/jasa-cetak-buku-sekolah,/blog/jasa-cetak-buku-sekolah,true,true
/jasa-cetak-buku-seluma,/blog/jasa-cetak-buku-seluma,true,true
/jasa-cetak-buku-seram-bagian-barat,/blog/jasa-cetak-buku-seram-bagian-barat,true,true
/jasa-cetak-buku-seram-bagian-timur,/blog/jasa-cetak-buku-seram-bagian-timur,true,true
/jasa-cetak-buku-serdang-bedagai,/blog/jasa-cetak-buku-serdang-bedagai,true,true
/jasa-cetak-buku-seruyan,/blog/jasa-cetak-buku-seruyan,true,true
/jasa-cetak-buku-siak,/blog/jasa-cetak-buku-siak,true,true
/jasa-cetak-buku-sibolga,/blog/jasa-cetak-buku-sibolga,true,true
/jasa-cetak-buku-sidenreng-rappang,/blog/jasa-cetak-buku-sidenreng-rappang,true,true
/jasa-cetak-buku-sidoarjo,/blog/jasa-cetak-buku-sidoarjo,true,true
/jasa-cetak-buku-sigi,/blog/jasa-cetak-buku-sigi,true,true
/jasa-cetak-buku-sijunjung,/blog/jasa-cetak-buku-sijunjung,true,true
/jasa-cetak-buku-sikka,/blog/jasa-cetak-buku-sikka,true,true
/jasa-cetak-buku-simalungun,/blog/jasa-cetak-buku-simalungun,true,true
/jasa-cetak-buku-simeulue,/blog/jasa-cetak-buku-simeulue,true,true
/jasa-cetak-buku-singkawang,/blog/jasa-cetak-buku-singkawang,true,true
/jasa-cetak-buku-sinjai,/blog/jasa-cetak-buku-sinjai,true,true
/jasa-cetak-buku-sintang,/blog/jasa-cetak-buku-sintang,true,true
/jasa-cetak-buku-solok-selatan,/blog/jasa-cetak-buku-solok-selatan,true,true
/jasa-cetak-buku-solok,/blog/jasa-cetak-buku-solok,true,true
/jasa-cetak-buku-soppeng,/blog/jasa-cetak-buku-soppeng,true,true
/jasa-cetak-buku-sorong-selatan,/blog/jasa-cetak-buku-sorong-selatan,true,true
/jasa-cetak-buku-sorong,/blog/jasa-cetak-buku-sorong,true,true
/jasa-cetak-buku-subulussalam,/blog/jasa-cetak-buku-subulussalam,true,true
/jasa-cetak-buku-sukamara,/blog/jasa-cetak-buku-sukamara,true,true
/jasa-cetak-buku-sumba-barat-daya,/blog/jasa-cetak-buku-sumba-barat-daya,true,true
/jasa-cetak-buku-sumba-barat,/blog/jasa-cetak-buku-sumba-barat,true,true
/jasa-cetak-buku-sumba-tengah,/blog/jasa-cetak-buku-sumba-tengah,true,true
/jasa-cetak-buku-sumba-timur,/blog/jasa-cetak-buku-sumba-timur,true,true
/jasa-cetak-buku-sumbawa-barat,/blog/jasa-cetak-buku-sumbawa-barat,true,true
/jasa-cetak-buku-sumbawa,/blog/jasa-cetak-buku-sumbawa,true,true
/jasa-cetak-buku-sungaipenuh,/blog/jasa-cetak-buku-sungaipenuh,true,true
/jasa-cetak-buku-supiori,/blog/jasa-cetak-buku-supiori,true,true
/jasa-cetak-buku-surabaya,/blog/jasa-cetak-buku-surabaya,true,true
/jasa-cetak-buku-tabalong,/blog/jasa-cetak-buku-tabalong,true,true
/jasa-cetak-buku-tabanan,/blog/jasa-cetak-buku-tabanan,true,true
/jasa-cetak-buku-takalar,/blog/jasa-cetak-buku-takalar,true,true
/jasa-cetak-buku-tambrauw,/blog/jasa-cetak-buku-tambrauw,true,true
/jasa-cetak-buku-tana-tidung,/blog/jasa-cetak-buku-tana-tidung,true,true
/jasa-cetak-buku-tana-toraja,/blog/jasa-cetak-buku-tana-toraja,true,true
/jasa-cetak-buku-tanah-bumbu,/blog/jasa-cetak-buku-tanah-bumbu,true,true
/jasa-cetak-buku-tanah-datar,/blog/jasa-cetak-buku-tanah-datar,true,true
/jasa-cetak-buku-tanah-laut,/blog/jasa-cetak-buku-tanah-laut,true,true
/jasa-cetak-buku-tanggamus,/blog/jasa-cetak-buku-tanggamus,true,true
/jasa-cetak-buku-tanjung-jabung-barat,/blog/jasa-cetak-buku-tanjung-jabung-barat,true,true
/jasa-cetak-buku-tanjung-jabung-timur,/blog/jasa-cetak-buku-tanjung-jabung-timur,true,true
/jasa-cetak-buku-tanjung-pinang,/blog/jasa-cetak-buku-tanjung-pinang,true,true
/jasa-cetak-buku-tanjungbalai,/blog/jasa-cetak-buku-tanjungbalai,true,true
/jasa-cetak-buku-tapanuli-selatan,/blog/jasa-cetak-buku-tapanuli-selatan,true,true
/jasa-cetak-buku-tapanuli-tengah,/blog/jasa-cetak-buku-tapanuli-tengah,true,true
/jasa-cetak-buku-tapanuli-utara,/blog/jasa-cetak-buku-tapanuli-utara,true,true
/jasa-cetak-buku-tapin,/blog/jasa-cetak-buku-tapin,true,true
/jasa-cetak-buku-tarakan,/blog/jasa-cetak-buku-tarakan,true,true
/jasa-cetak-buku-tebing-tinggi,/blog/jasa-cetak-buku-tebing-tinggi,true,true
/jasa-cetak-buku-tebo,/blog/jasa-cetak-buku-tebo,true,true
/jasa-cetak-buku-teluk-bintuni,/blog/jasa-cetak-buku-teluk-bintuni,true,true
/jasa-cetak-buku-teluk-wondama,/blog/jasa-cetak-buku-teluk-wondama,true,true
/jasa-cetak-buku-ternate,/blog/jasa-cetak-buku-ternate,true,true
/jasa-cetak-buku-tidore-kepulauan,/blog/jasa-cetak-buku-tidore-kepulauan,true,true
/jasa-cetak-buku-timor-tengah-selatan,/blog/jasa-cetak-buku-timor-tengah-selatan,true,true
/jasa-cetak-buku-timor-tengah-utara,/blog/jasa-cetak-buku-timor-tengah-utara,true,true
/jasa-cetak-buku-toba-samosir,/blog/jasa-cetak-buku-toba-samosir,true,true
/jasa-cetak-buku-tojo-una-una,/blog/jasa-cetak-buku-tojo-una-una,true,true
/jasa-cetak-buku-tolikara,/blog/jasa-cetak-buku-tolikara,true,true
/jasa-cetak-buku-tolitoli,/blog/jasa-cetak-buku-tolitoli,true,true
/jasa-cetak-buku-tomohon,/blog/jasa-cetak-buku-tomohon,true,true
/jasa-cetak-buku-toraja-utara,/blog/jasa-cetak-buku-toraja-utara,true,true
/jasa-cetak-buku-tual,/blog/jasa-cetak-buku-tual,true,true
/jasa-cetak-buku-tulang-bawang-barat,/blog/jasa-cetak-buku-tulang-bawang-barat,true,true
/jasa-cetak-buku-tulang-bawang,/blog/jasa-cetak-buku-tulang-bawang,true,true
/jasa-cetak-buku-wajo,/blog/jasa-cetak-buku-wajo,true,true
/jasa-cetak-buku-wakatobi,/blog/jasa-cetak-buku-wakatobi,true,true
/jasa-cetak-buku-waropen,/blog/jasa-cetak-buku-waropen,true,true
/jasa-cetak-buku-way-kanan,/blog/jasa-cetak-buku-way-kanan,true,true
/jasa-cetak-buku-yahukimo,/blog/jasa-cetak-buku-yahukimo,true,true
/jasa-cetak-buku-yalimo,/blog/jasa-cetak-buku-yalimo,true,true
/jasa-cetak-buku-yasin-surabaya,/blog/jasa-cetak-buku-yasin-surabaya,true,true
/jasa-cetak-kalender,/blog/jasa-cetak-kalender,true,true
/jasa-flash-hp-surabaya,/blog/jasa-flash-hp-surabaya,true,true
/jasa-instal-aplikasi-sidoarjo,/blog/jasa-instal-aplikasi-sidoarjo,true,true
/jasa-instal-aplikasi-surabaya,/blog/jasa-instal-aplikasi-surabaya,true,true
/jasa-instal-game-pes-2016-surabaya-murah,/blog/jasa-instal-game-pes-2016-surabaya-murah,true,true
/jasa-instal-game-pes-2017-terbaru-surabaya-sidoarjo,/blog/jasa-instal-game-pes-2017-terbaru-surabaya-sidoarjo,true,true
/jasa-instal-jual-windows-7-8-10-microsoft-office-2010-2013-2016-original-license-asli-microsoft-surabaya,/blog/jasa-instal-jual-windows-7-8-10-microsoft-office-2010-2013-2016-original-license-asli-microsoft-surabaya,true,true
/jasa-instal-software-autodesk-3d-max-2010-2013-2016-surabaya-sidoarjo-panggilan,/blog/jasa-instal-software-autodesk-3d-max-2010-2013-2016-surabaya-sidoarjo-panggilan,true,true
/jasa-instal-software-photoshop-cs5-cs6-cc-surabaya-sidoarjo,/blog/jasa-instal-software-photoshop-cs5-cs6-cc-surabaya-sidoarjo,true,true
/jasa-instal-software-surabaya-windows-macbook,/blog/jasa-instal-software-surabaya-windows-macbook,true,true
/jasa-instal-ulang-dan-update-windows-8-windows-8-1-murah-surabaya,/blog/jasa-instal-ulang-dan-update-windows-8-windows-8-1-murah-surabaya,true,true
/jasa-install-adobe-illustrator-online-desain-vektor-profesional-tanpa-hambatan,/blog/jasa-install-adobe-illustrator-online-desain-vektor-profesional-tanpa-hambatan,true,true
/jasa-install-adobe-photoshop-online-solusi-cepat-untuk-kreativitas-anda,/blog/jasa-install-adobe-photoshop-online-solusi-cepat-untuk-kreativitas-anda,true,true
/jasa-install-adobe-premiere-pro-online-edit-video-profesional-tanpa-ribet,/blog/jasa-install-adobe-premiere-pro-online-edit-video-profesional-tanpa-ribet,true,true
/jasa-install-autocad-2010-2013-2016-surabaya-sidoarjo,/blog/jasa-install-autocad-2010-2013-2016-surabaya-sidoarjo,true,true
/jasa-install-autocad,/blog/jasa-install-autocad,true,true
/jasa-install-coreldraw-online-solusi-desain-grafis-cepat-praktis,/blog/jasa-install-coreldraw-online-solusi-desain-grafis-cepat-praktis,true,true
/jasa-install-dan-update-windows-7-surabaya-murah,/blog/jasa-install-dan-update-windows-7-surabaya-murah,true,true
/jasa-install-dan-update-windows-10-surabaya-murah,/blog/jasa-install-dan-update-windows-10-surabaya-murah,true,true
/jasa-install-final-cut-pro-editing-video-profesional-di-mac-anda,/blog/jasa-install-final-cut-pro-editing-video-profesional-di-mac-anda,true,true
/jasa-install-fm-2020-football-manager-2020-surabaya-sidoarjo-malang-lamongan,/blog/jasa-install-fm-2020-football-manager-2020-surabaya-sidoarjo-malang-lamongan,true,true
/jasa-install-football-manager-2016-update-2017-full-update-surabaya,/blog/jasa-install-football-manager-2016-update-2017-full-update-surabaya,true,true
/jasa-install-football-manager-2017-fm-17-full-update-surabaya,/blog/jasa-install-football-manager-2017-fm-17-full-update-surabaya,true,true
/jasa-install-game-dan-isi-game-surabaya,/blog/jasa-install-game-dan-isi-game-surabaya,true,true
/jasa-install-game-gta-v-surabaya,/blog/jasa-install-game-gta-v-surabaya,true,true
/jasa-install-game-pc-laptop-xbox-ps3-ps4-lengkap-dan-update-jasa-install-game-pc-laptop-xbox-ps3-ps4-surabaya-sidoarjo,/blog/jasa-install-game-pc-laptop-xbox-ps3-ps4-lengkap-dan-update-jasa-install-game-pc-laptop-xbox-ps3-ps4-surabaya-sidoarjo,true,true
/jasa-install-game-pes-2018-full-update-surabaya-pc-laptop-komputer-xbox-ps4-ps3,/blog/jasa-install-game-pes-2018-full-update-surabaya-pc-laptop-komputer-xbox-ps4-ps3,true,true
/jasa-install-game-surabaya,/blog/jasa-install-game-surabaya,true,true
/jasa-install-linux-install-server-linux,/blog/jasa-install-linux-install-server-linux,true,true
/jasa-install-macbook-bootcamp-surabaya,/blog/jasa-install-macbook-bootcamp-surabaya,true,true
/jasa-install-microsoft-office-cepat-dan-bergaransi,/blog/jasa-install-microsoft-office-cepat-dan-bergaransi,true,true
/jasa-install-pes-2020-surabaya-sidoarjo-malang-lamongan,/blog/jasa-install-pes-2020-surabaya-sidoarjo-malang-lamongan,true,true
/jasa-install-pes-2021-efootball-sharing-account,/blog/jasa-install-pes-2021-efootball-sharing-account,true,true
/jasa-install-sketchup-online-cepat-mudah-bergaransi,/blog/jasa-install-sketchup-online-cepat-mudah-bergaransi,true,true
/jasa-install-software-adobe-collection-photoshop-illustrator-acrobat-indesign-after-effect-premiere-pro-dll-cs6-cc-2017-surabaya-full-panggilan,/blog/jasa-install-software-adobe-collection-photoshop-illustrator-acrobat-indesign-after-effect-premiere-pro-dll-cs6-cc-2017-surabaya-full-panggilan,true,true
/jasa-install-software-apotek-klinik-dan-praktek-dokter,/blog/jasa-install-software-apotek-klinik-dan-praktek-dokter,true,true
/jasa-install-software-corel-draw-terbaru-x5-x6-x7-x8-surabaya-full-panggilan,/blog/jasa-install-software-corel-draw-terbaru-x5-x6-x7-x8-surabaya-full-panggilan,true,true
/jasa-install-software-kasir-cloud-bisa-online-ipos-5-surabaya,/blog/jasa-install-software-kasir-cloud-bisa-online-ipos-5-surabaya,true,true
/jasa-install-software-macbook-surabaya-install-software-mac-surabaya,/blog/jasa-install-software-macbook-surabaya-install-software-mac-surabaya,true,true
/jasa-install-software-macbook,/blog/jasa-install-software-macbook,true,true
/jasa-install-software-microsoft-office,/blog/jasa-install-software-microsoft-office,true,true
/jasa-install-software-restoran-rumah-makan-original,/blog/jasa-install-software-restoran-rumah-makan-original,true,true
/jasa-install-solidworks,/blog/jasa-install-solidworks,true,true
/jasa-install-ulang-windows-7-surabaya-panggilan,/blog/jasa-install-ulang-windows-7-surabaya-panggilan,true,true
/jasa-install-ulang-windows-8-8-1-surabaya,/blog/jasa-install-ulang-windows-8-8-1-surabaya,true,true
/jasa-install-ulang-windows-10-surabaya-panggilan,/blog/jasa-install-ulang-windows-10-surabaya-panggilan,true,true
/jasa-install-ulang-windows-surabaya-7-8-10-xp-server,/blog/jasa-install-ulang-windows-surabaya-7-8-10-xp-server,true,true
/jasa-install-ulang-windows-xp-surabaya-panggilan,/blog/jasa-install-ulang-windows-xp-surabaya-panggilan,true,true
/jasa-install-warnet-install-game-warnet,/blog/jasa-install-warnet-install-game-warnet,true,true
/jasa-install-windows-7-8-10-11-sidoarjo,/blog/jasa-install-windows-7-8-10-11-sidoarjo,true,true
/jasa-install-windows-11-sidoarjo,/blog/jasa-install-windows-11-sidoarjo,true,true
/jasa-install-windows-11-surabaya,/blog/jasa-install-windows-11-surabaya,true,true
/jasa-isi-film-surabaya-full-hd-hd-2k-4k-semua-genre,/blog/jasa-isi-film-surabaya-full-hd-hd-2k-4k-semua-genre,true,true
/jasa-isi-game-fifa-2019-fifa-2018-terbaru-surabaya,/blog/jasa-isi-game-fifa-2019-fifa-2018-terbaru-surabaya,true,true
/jasa-isi-lagu-karaoke-surabaya,/blog/jasa-isi-lagu-karaoke-surabaya,true,true
/jasa-isi-laptop-komputer-hardisk-lagu-karaoke-surabaya-sidoarjo,/blog/jasa-isi-laptop-komputer-hardisk-lagu-karaoke-surabaya-sidoarjo,true,true
/jasa-it-support-surabaya-sidoarjo-terpercaya-24jam,/blog/jasa-it-support-surabaya-sidoarjo-terpercaya-24jam,true,true
/jasa-komputer-rakitan-unbk-surabaya,/blog/jasa-komputer-rakitan-unbk-surabaya,true,true
/jasa-mengembalikan-data-terhapus-surabaya,/blog/jasa-mengembalikan-data-terhapus-surabaya,true,true
/jasa-pasang-ac-surabaya-bergaransi-professional-jawa-timur,/blog/jasa-pasang-ac-surabaya-bergaransi-professional-jawa-timur,true,true
/jasa-pasang-cctv-surabaya-murah-profesional,/blog/jasa-pasang-cctv-surabaya-murah-profesional,true,true
/jasa-pasang-karaoke-surabaya,/blog/jasa-pasang-karaoke-surabaya,true,true
/jasa-pasang-kasir-administrasi-keuangan-minimarket-surabaya,/blog/jasa-pasang-kasir-administrasi-keuangan-minimarket-surabaya,true,true
/jasa-pasang-peredam-suara-surabaya-karaoke-home-theater,/blog/jasa-pasang-peredam-suara-surabaya-karaoke-home-theater,true,true
/jasa-pasang-software-kasir-minimarket-point-of-sales-surabaya,/blog/jasa-pasang-software-kasir-minimarket-point-of-sales-surabaya,true,true
/jasa-pembuatan-software-dokter-klinik,/blog/jasa-pembuatan-software-dokter-klinik,true,true
/jasa-pembuatan-website-kotacom,/blog/jasa-pembuatan-website-kotacom,true,true
/jasa-pembuatan-website-surabaya-sidoarjo-terbaik,/blog/jasa-pembuatan-website-surabaya-sidoarjo-terbaik,true,true
/jasa-pembuatan-website-surabaya,/blog/jasa-pembuatan-website-surabaya,true,true
/jasa-persewaan-komputer-unbk-ujian-sekolah,/blog/jasa-persewaan-komputer-unbk-ujian-sekolah,true,true
/jasa-rakit-pc-surabaya-gresik-malang-sidoarjo,/blog/jasa-rakit-pc-surabaya-gresik-malang-sidoarjo,true,true
/jasa-rakit-pc-surabaya-murah,/blog/jasa-rakit-pc-surabaya-murah,true,true
/jasa-rakit-pc-unbk-server-client-terbaik-termurah,/blog/jasa-rakit-pc-unbk-server-client-terbaik-termurah,true,true
/jasa-recovery-data-surabaya,/blog/jasa-recovery-data-surabaya,true,true
/jasa-root-android-surabaya-no-root-free-bisa-unlock-custom-rom-juga,/blog/jasa-root-android-surabaya-no-root-free-bisa-unlock-custom-rom-juga,true,true
/jasa-service-komputer-laptop-notebook-macbook-surabaya,/blog/jasa-service-komputer-laptop-notebook-macbook-surabaya,true,true
/jasa-service-macbook-surabaya-bisa-ditunggu,/blog/jasa-service-macbook-surabaya-bisa-ditunggu,true,true
/jasa-servis-pc-surabaya-melayani-panggilan-100-bergaransi,/blog/jasa-servis-pc-surabaya-melayani-panggilan-100-bergaransi,true,true
/jasa-sevice-komputer-notebook-laptop-mac-macbook,/blog/jasa-sevice-komputer-notebook-laptop-mac-macbook,true,true
/jasa-sewa-laptop-surabaya,/blog/jasa-sewa-laptop-surabaya,true,true
/jasa-sewa-printer-surabaya-perorangan-perusahaan,/blog/jasa-sewa-printer-surabaya-perorangan-perusahaan,true,true
/jasa-sharing-id-account-steam-pes-2020-fifa-2020,/blog/jasa-sharing-id-account-steam-pes-2020-fifa-2020,true,true
/jasa-unbk-rakit-komputer-seting-dan-instalasi-unbk,/blog/jasa-unbk-rakit-komputer-seting-dan-instalasi-unbk,true,true
/jasa-upgrade-reinstall-install-ulang-mac-macbook-surabaya-gresik-sidoarjo-madura,/blog/jasa-upgrade-reinstall-install-ulang-mac-macbook-surabaya-gresik-sidoarjo-madura,true,true
/jasa-upgrade-ssd-laptop-surabaya-mac-imac-sidoarjo-malang-gresik,/blog/jasa-upgrade-ssd-laptop-surabaya-mac-imac-sidoarjo-malang-gresik,true,true
/jasa-upgrade-ssd-macbook-surabaya-mac-imac-sidoarjo-malang-gresik,/blog/jasa-upgrade-ssd-macbook-surabaya-mac-imac-sidoarjo-malang-gresik,true,true
/jasa-website-surabaya-1-promo-100rb,/blog/jasa-website-surabaya-1-promo-100rb,true,true
/jual-dvd-game-surabaya-jasa-install-game-pc-surabaya-terbaru,/blog/jual-dvd-game-surabaya-jasa-install-game-pc-surabaya-terbaru,true,true
/jual-dvd-install-ulang-windows-8-1-32bit-dan-64bit-aio-bonus-driver-pack-dan-software,/blog/jual-dvd-install-ulang-windows-8-1-32bit-dan-64bit-aio-bonus-driver-pack-dan-software,true,true
/jual-dvd-install-ulang-windows-xp-7-8-10-bonus-driver-pack-dan-software-surabaya,/blog/jual-dvd-install-ulang-windows-xp-7-8-10-bonus-driver-pack-dan-software-surabaya,true,true
/jual-dvd-windows-7-8-1-10-pro-original-license-asli-microsoft,/blog/jual-dvd-windows-7-8-1-10-pro-original-license-asli-microsoft,true,true
/jual-flashdisk-multiboot-install-ulang-32-gb-16gb-windows-7-8-8-1-10-32bit-dan-64bit-all-in-one,/blog/jual-flashdisk-multiboot-install-ulang-32-gb-16gb-windows-7-8-8-1-10-32bit-dan-64bit-all-in-one,true,true
/jual-flashdisk-multiboot-install-ulang-bonus-driverpack-software-16gb-32gb-windows-7-8-8-1-10-32bit-dan-64bit-all-in-one-bonus-driverpack,/blog/jual-flashdisk-multiboot-install-ulang-bonus-driverpack-software-16gb-32gb-windows-7-8-8-1-10-32bit-dan-64bit-all-in-one-bonus-driverpack,true,true
/jual-flashdisk-multiboot-install-ulang-windows-7-8-8-1-10-32bit-dan-64bit-surabaya-sidoarjo,/blog/jual-flashdisk-multiboot-install-ulang-windows-7-8-8-1-10-32bit-dan-64bit-surabaya-sidoarjo,true,true
/jual-game-original-surabaya-steam-origin,/blog/jual-game-original-surabaya-steam-origin,true,true
/jual-game-pc-jakarta,/blog/jual-game-pc-jakarta,true,true
/jual-komputer-laptop-karaoke-home-karaoke-surabaya-gresik-sidoarjo-lamongan,/blog/jual-komputer-laptop-karaoke-home-karaoke-surabaya-gresik-sidoarjo-lamongan,true,true
/jual-pc-karaoke-lagu-terupdate-dan-lengkap,/blog/jual-pc-karaoke-lagu-terupdate-dan-lengkap,true,true
/jual-pc-rakitan-surabaya-sehari-jadi-murah-berkwalitas,/blog/jual-pc-rakitan-surabaya-sehari-jadi-murah-berkwalitas,true,true
/jual-software-ipos-kasir-surabaya,/blog/jual-software-ipos-kasir-surabaya,true,true
/kalkulator-biaya-cetak-buku-di-surabaya-estimasi-harga-akurat-2025,/blog/kalkulator-biaya-cetak-buku-di-surabaya-estimasi-harga-akurat-2025,true,true
/konsultan-it-sidoarjo-terpercaya-2025,/blog/konsultan-it-sidoarjo-terpercaya-2025,true,true
/layanan,/blog/layanan,true,true
/level-up-your-gameplay-with-top-notch-gaming-equipment,/blog/level-up-your-gameplay-with-top-notch-gaming-equipment,true,true
/list-jasa-install-game-jual-dvd-game-pc-jual-game-pc-laptop-ps3-ps4-xbox,/blog/list-jasa-install-game-jual-dvd-game-pc-jual-game-pc-laptop-ps3-ps4-xbox,true,true
/list-software-macbook-windows-kotacom,/blog/list-software-macbook-windows-kotacom,true,true
/list-software-windows-macbook-terbaru,/blog/list-software-windows-macbook-terbaru,true,true
/md-test-sanity,/blog/md-test-sanity,true,true
/md-test,/blog/md-test,true,true
/new,/blog/new,true,true
/no-1-jual-game-pc-banjar,/blog/no-1-jual-game-pc-banjar,true,true
/no-1-jual-game-pc-bekasi,/blog/no-1-jual-game-pc-bekasi,true,true
/no-1-jual-game-pc-bogor,/blog/no-1-jual-game-pc-bogor,true,true
/no-1-jual-game-pc-bondowoso,/blog/no-1-jual-game-pc-bondowoso,true,true
/no-1-jual-game-pc-boyolali,/blog/no-1-jual-game-pc-boyolali,true,true
/no-1-jual-game-pc-cilacap,/blog/no-1-jual-game-pc-cilacap,true,true
/no-1-jual-game-pc-demak,/blog/no-1-jual-game-pc-demak,true,true
/no-1-jual-game-pc-depok,/blog/no-1-jual-game-pc-depok,true,true
/no-1-jual-game-pc-indramayu,/blog/no-1-jual-game-pc-indramayu,true,true
/no-1-jual-game-pc-jakarta-barat,/blog/no-1-jual-game-pc-jakarta-barat,true,true
/no-1-jual-game-pc-jakarta-selatan,/blog/no-1-jual-game-pc-jakarta-selatan,true,true
/no-1-jual-game-pc-jakarta-timur,/blog/no-1-jual-game-pc-jakarta-timur,true,true
/no-1-jual-game-pc-jombang,/blog/no-1-jual-game-pc-jombang,true,true
/no-1-jual-game-pc-karawang,/blog/no-1-jual-game-pc-karawang,true,true
/no-1-jual-game-pc-kebumen,/blog/no-1-jual-game-pc-kebumen,true,true
/no-1-jual-game-pc-kudus,/blog/no-1-jual-game-pc-kudus,true,true
/no-1-jual-game-pc-lebak,/blog/no-1-jual-game-pc-lebak,true,true
/no-1-jual-game-pc-madiun,/blog/no-1-jual-game-pc-madiun,true,true
/no-1-jual-game-pc-ngawi,/blog/no-1-jual-game-pc-ngawi,true,true
/no-1-jual-game-pc-pandeglang,/blog/no-1-jual-game-pc-pandeglang,true,true
/no-1-jual-game-pc-pasuruan,/blog/no-1-jual-game-pc-pasuruan,true,true
/no-1-jual-game-pc-pekalongan,/blog/no-1-jual-game-pc-pekalongan,true,true
/no-1-jual-game-pc-ponorogo,/blog/no-1-jual-game-pc-ponorogo,true,true
/no-1-jual-game-pc-purwakarta,/blog/no-1-jual-game-pc-purwakarta,true,true
/no-1-jual-game-pc-semarang,/blog/no-1-jual-game-pc-semarang,true,true
/no-1-jual-game-pc-subang,/blog/no-1-jual-game-pc-subang,true,true
/no-1-jual-game-pc-sukoharjo,/blog/no-1-jual-game-pc-sukoharjo,true,true
/no-1-jual-game-pc-sumenep,/blog/no-1-jual-game-pc-sumenep,true,true
/no-1-jual-game-pc-tangerang,/blog/no-1-jual-game-pc-tangerang,true,true
/no-1-jual-game-pc-tegal,/blog/no-1-jual-game-pc-tegal,true,true
/online-jasa-install-software-sketchup-surabaya-sidoarjo,/blog/online-jasa-install-software-sketchup-surabaya-sidoarjo,true,true
/paket-cetak-buku-murah-di-surabaya-solusi-hemat-untuk-skripsi-tugas-akhir,/blog/paket-cetak-buku-murah-di-surabaya-solusi-hemat-untuk-skripsi-tugas-akhir,true,true
/paket-home-karaoke-eksklusif-vip-laptop-komputer-jasa-pemasangan,/blog/paket-home-karaoke-eksklusif-vip-laptop-komputer-jasa-pemasangan,true,true
/paket-home-karaoke-komputer-karaoke-murah-low-budget-rumahan,/blog/paket-home-karaoke-komputer-karaoke-murah-low-budget-rumahan,true,true
/panduan-lengkap-cara-mengurus-isbn-online-untuk-penulis-mandiri,/blog/panduan-lengkap-cara-mengurus-isbn-online-untuk-penulis-mandiri,true,true
/panduan-lengkap-cara-menyiapkan-file-pdf-siap-cetak-untuk-buku,/blog/panduan-lengkap-cara-menyiapkan-file-pdf-siap-cetak-untuk-buku,true,true
/panduan-lengkap-cetak-buku-indie-dari-naskah-sampai-jadi,/blog/panduan-lengkap-cetak-buku-indie-dari-naskah-sampai-jadi,true,true
/panduan-lengkap-jenis-jilid-buku-pilih-yang-tepat-agar-buku-tahan-lama,/blog/panduan-lengkap-jenis-jilid-buku-pilih-yang-tepat-agar-buku-tahan-lama,true,true
/panduan-lengkap-mudah-mengurus-isbn-online-untuk-penulis-mandiri,/blog/panduan-lengkap-mudah-mengurus-isbn-online-untuk-penulis-mandiri,true,true
/panduan-memilih-jenis-jilid-buku-dari-softcover-hingga-hardcover-mewah,/blog/panduan-memilih-jenis-jilid-buku-dari-softcover-hingga-hardcover-mewah,true,true
/panduan-memilih-sistem-pos-untuk-umkm-indonesia,/blog/panduan-memilih-sistem-pos-untuk-umkm-indonesia,true,true
/panduan-rakit-pc-3-jutaan-terbaik-update-2025-all-new-build,/blog/panduan-rakit-pc-3-jutaan-terbaik-update-2025-all-new-build,true,true
/pasang-ac-sidoarjo-profesional-bergaransi,/blog/pasang-ac-sidoarjo-profesional-bergaransi,true,true
/pasang-alarm-motor-surabaya-pasang-gps-motor-surabaya,/blog/pasang-alarm-motor-surabaya-pasang-gps-motor-surabaya,true,true
/pasang-kasir-restaurant-surabaya-implementasi-kasir-surabaya,/blog/pasang-kasir-restaurant-surabaya-implementasi-kasir-surabaya,true,true
/payload-sample-post,/blog/payload-sample-post,true,true
/pc-gaming-fullset-murah-2-jutaan-realita-kompromi-ekstrim-2025,/blog/pc-gaming-fullset-murah-2-jutaan-realita-kompromi-ekstrim-2025,true,true
/pembuatan-website,/blog/pembuatan-website,true,true
/pentingnya-cover-menarik-rekomendasi-jasa-desain-cover-buku-di-surabaya,/blog/pentingnya-cover-menarik-rekomendasi-jasa-desain-cover-buku-di-surabaya,true,true
/percetakan-buku-murah-surabaya,/blog/percetakan-buku-murah-surabaya,true,true
/percetakan,/blog/percetakan,true,true
/perkembangan-komputer-dari-mesin-hitung-hingga-kecerdasan-buatan,/blog/perkembangan-komputer-dari-mesin-hitung-hingga-kecerdasan-buatan,true,true
/posts,/blog,true,true
/posts/2,/blog,true,true
/posts/3,/blog,true,true
/posts/4,/blog,true,true
/posts/5,/blog,true,true
/posts/6,/blog,true,true
/posts/7,/blog,true,true
/posts/8,/blog,true,true
/posts/9,/blog,true,true
/posts/10,/blog,true,true
/posts/11,/blog,true,true
/posts/12,/blog,true,true
/posts/13,/blog,true,true
/posts/14,/blog,true,true
/posts/15,/blog,true,true
/posts/16,/blog,true,true
/posts/17,/blog,true,true
/posts/18,/blog,true,true
/posts/19,/blog,true,true
/posts/20,/blog,true,true
/posts/21,/blog,true,true
/posts/22,/blog,true,true
/posts/23,/blog,true,true
/posts/24,/blog,true,true
/posts/25,/blog,true,true
/posts/26,/blog,true,true
/posts/27,/blog,true,true
/posts/28,/blog,true,true
/posts/29,/blog,true,true
/posts/30,/blog,true,true
/posts/31,/blog,true,true
/print-on-demand-pod-vs-cetak-offset-di-surabaya-mana-pilihan-terbaik,/blog/print-on-demand-pod-vs-cetak-offset-di-surabaya-mana-pilihan-terbaik,true,true
/printer-gagal-menarik-kertas-ini-5-penyebab-dan-cara-mengatasinya,/blog/printer-gagal-menarik-kertas-ini-5-penyebab-dan-cara-mengatasinya,true,true
/privacy,/blog/privacy,true,true
/rahasia-cetak-buku-murah-tapi-gak-murahan-wajib-tahu-2,/blog/rahasia-cetak-buku-murah-tapi-gak-murahan-wajib-tahu-2,true,true
/rahasia-cetak-buku-murah-tapi-gak-murahan-wajib-tahu,/blog/rahasia-cetak-buku-murah-tapi-gak-murahan-wajib-tahu,true,true
/rakit-pc-1-jutaan-di-2025-realistis-atau-mustahil,/blog/rakit-pc-1-jutaan-di-2025-realistis-atau-mustahil,true,true
/rakit-pc-2-jutaan-2025-strategi-hybrid-baru-bekas-terbaik,/blog/rakit-pc-2-jutaan-2025-strategi-hybrid-baru-bekas-terbaik,true,true
/rakit-pc-4-jutaan-2025-gerbang-menuju-gaming-1080p,/blog/rakit-pc-4-jutaan-2025-gerbang-menuju-gaming-1080p,true,true
/rakit-pc-6-jutaan-2025-mesin-gaming-1080p-high-setting-terbaik,/blog/rakit-pc-6-jutaan-2025-mesin-gaming-1080p-high-setting-terbaik,true,true
/rakit-pc-10-jutaan-2025-dominasi-gaming-1440p-produktivitas,/blog/rakit-pc-10-jutaan-2025-dominasi-gaming-1440p-produktivitas,true,true
/rakit-pc-gaming-5-jutaan-fullset,/blog/rakit-pc-gaming-5-jutaan-fullset,true,true
/rakit-pc-gaming-fullset-10-jutaan,/blog/rakit-pc-gaming-fullset-10-jutaan,true,true
/rakit-pc-untuk-anak-sd-panduan-terbaik-2025,/blog/rakit-pc-untuk-anak-sd-panduan-terbaik-2025,true,true
/rekomendasi-jual-game-pc-bandung-barat,/blog/rekomendasi-jual-game-pc-bandung-barat,true,true
/rekomendasi-jual-game-pc-banjarnegara,/blog/rekomendasi-jual-game-pc-banjarnegara,true,true
/rekomendasi-jual-game-pc-bantul,/blog/rekomendasi-jual-game-pc-bantul,true,true
/rekomendasi-jual-game-pc-banyumas,/blog/rekomendasi-jual-game-pc-banyumas,true,true
/rekomendasi-jual-game-pc-batang,/blog/rekomendasi-jual-game-pc-batang,true,true
/rekomendasi-jual-game-pc-blora,/blog/rekomendasi-jual-game-pc-blora,true,true
/rekomendasi-jual-game-pc-bogor,/blog/rekomendasi-jual-game-pc-bogor,true,true
/rekomendasi-jual-game-pc-bojonegoro,/blog/rekomendasi-jual-game-pc-bojonegoro,true,true
/rekomendasi-jual-game-pc-ciamis,/blog/rekomendasi-jual-game-pc-ciamis,true,true
/rekomendasi-jual-game-pc-cilegon,/blog/rekomendasi-jual-game-pc-cilegon,true,true
/rekomendasi-jual-game-pc-cimahi,/blog/rekomendasi-jual-game-pc-cimahi,true,true
/rekomendasi-jual-game-pc-gresik,/blog/rekomendasi-jual-game-pc-gresik,true,true
/rekomendasi-jual-game-pc-grobogan,/blog/rekomendasi-jual-game-pc-grobogan,true,true
/rekomendasi-jual-game-pc-gunungkidul,/blog/rekomendasi-jual-game-pc-gunungkidul,true,true
/rekomendasi-jual-game-pc-jember,/blog/rekomendasi-jual-game-pc-jember,true,true
/rekomendasi-jual-game-pc-jepara,/blog/rekomendasi-jual-game-pc-jepara,true,true
/rekomendasi-jual-game-pc-karanganyar,/blog/rekomendasi-jual-game-pc-karanganyar,true,true
/rekomendasi-jual-game-pc-kendal,/blog/rekomendasi-jual-game-pc-kendal,true,true
/rekomendasi-jual-game-pc-kepulauan-seribu,/blog/rekomendasi-jual-game-pc-kepulauan-seribu,true,true
/rekomendasi-jual-game-pc-klaten,/blog/rekomendasi-jual-game-pc-klaten,true,true
/rekomendasi-jual-game-pc-kulon-progo,/blog/rekomendasi-jual-game-pc-kulon-progo,true,true
/rekomendasi-jual-game-pc-kuningan,/blog/rekomendasi-jual-game-pc-kuningan,true,true
/rekomendasi-jual-game-pc-lamongan,/blog/rekomendasi-jual-game-pc-lamongan,true,true
/rekomendasi-jual-game-pc-lumajang,/blog/rekomendasi-jual-game-pc-lumajang,true,true
/rekomendasi-jual-game-pc-madiun,/blog/rekomendasi-jual-game-pc-madiun,true,true
/rekomendasi-jual-game-pc-magelang,/blog/rekomendasi-jual-game-pc-magelang,true,true
/rekomendasi-jual-game-pc-magetan,/blog/rekomendasi-jual-game-pc-magetan,true,true
/rekomendasi-jual-game-pc-pamekasan,/blog/rekomendasi-jual-game-pc-pamekasan,true,true
/rekomendasi-jual-game-pc-pangandaran,/blog/rekomendasi-jual-game-pc-pangandaran,true,true
/rekomendasi-jual-game-pc-pasuruan,/blog/rekomendasi-jual-game-pc-pasuruan,true,true
/rekomendasi-jual-game-pc-pemalang,/blog/rekomendasi-jual-game-pc-pemalang,true,true
/rekomendasi-jual-game-pc-probolinggo,/blog/rekomendasi-jual-game-pc-probolinggo,true,true
/rekomendasi-jual-game-pc-purworejo,/blog/rekomendasi-jual-game-pc-purworejo,true,true
/rekomendasi-jual-game-pc-rembang,/blog/rekomendasi-jual-game-pc-rembang,true,true
/rekomendasi-jual-game-pc-tasikmalaya,/blog/rekomendasi-jual-game-pc-tasikmalaya,true,true
/rekomendasi-jual-game-pc-temanggung,/blog/rekomendasi-jual-game-pc-temanggung,true,true
/rekomendasi-jual-game-pc-trenggalek,/blog/rekomendasi-jual-game-pc-trenggalek,true,true
/rekomendasi-jual-game-pc-tulungagung,/blog/rekomendasi-jual-game-pc-tulungagung,true,true
/rekomendasi-jual-game-pc-yogyakarta,/blog/rekomendasi-jual-game-pc-yogyakarta,true,true
/rekomendasi-pc-5-jutaan-terbaik-2025-untuk-desain-grafis-maksimal-produktivitas-minimal-anggaran,/blog/rekomendasi-pc-5-jutaan-terbaik-2025-untuk-desain-grafis-maksimal-produktivitas-minimal-anggaran,true,true
/rekomendasi-pc-rakitan-1-jutaan,/blog/rekomendasi-pc-rakitan-1-jutaan,true,true
/rekomendasi-rakit-pc-5-jutaan,/blog/rekomendasi-rakit-pc-5-jutaan,true,true
/rekomendasi-rakit-pc-gaming-termurah,/blog/rekomendasi-rakit-pc-gaming-termurah,true,true
/rekomendasi-rakit-pc-untuk-anak-smp-terbaik-2025,/blog/rekomendasi-rakit-pc-untuk-anak-smp-terbaik-2025,true,true
/review-jujur-jasa-cetak-buku-online-mana-paling-cepat-murah,/blog/review-jujur-jasa-cetak-buku-online-mana-paling-cepat-murah,true,true
/server-maintenance-surabaya,/blog/server-maintenance-surabaya,true,true
/service-hp-surabaya-service-android-surabaya,/blog/service-hp-surabaya-service-android-surabaya,true,true
/service-komputer-service-laptop-service-macbook,/blog/service-komputer-service-laptop-service-macbook,true,true
/service-komputer-service-laptop-surabaya,/blog/service-komputer-service-laptop-surabaya,true,true
/service-komputer-surabaya-panggilan,/blog/service-komputer-surabaya-panggilan,true,true
/service-laptop-asus-surabaya,/blog/service-laptop-asus-surabaya,true,true
/sewa-bus-surabaya,/blog/sewa-bus-surabaya,true,true
/sewa-karaoke-surabaya-gresik-malang-sidoarjo-pacet-trawas-jawatimur,/blog/sewa-karaoke-surabaya-gresik-malang-sidoarjo-pacet-trawas-jawatimur,true,true
/sistem-keamanan-jaringan-surabaya,/blog/sistem-keamanan-jaringan-surabaya,true,true
/sistem-pos-surabaya-terbaik-untuk-umkm-2025,/blog/sistem-pos-surabaya-terbaik-untuk-umkm-2025,true,true
/sistem-pos,/blog/sistem-pos,true,true
/smart-city-surabaya,/blog/smart-city-surabaya,true,true
/soft-cover-hard-cover-atau-spiral-mengenal-pilihan-jilid-buku-terbaik,/blog/soft-cover-hard-cover-atau-spiral-mengenal-pilihan-jilid-buku-terbaik,true,true
/softcover-vs-hardcover-mana-jenis-jilid-terbaik-untuk-buku-anda,/blog/softcover-vs-hardcover-mana-jenis-jilid-terbaik-untuk-buku-anda,true,true
/software-development-surabaya-terbaik-2025,/blog/software-development-surabaya-terbaik-2025,true,true
/software-development-surabaya,/blog/software-development-surabaya,true,true
/startup-tech-surabaya-sidoarjo,/blog/startup-tech-surabaya-sidoarjo,true,true
/stop-pusing-ini-solusi-jasa-install-software-online-anti-gagal-windows-mac,/blog/stop-pusing-ini-solusi-jasa-install-software-online-anti-gagal-windows-mac,true,true
/studi-kasus-dari-naskah-jadi-cuan-kisah-sukses-penulis-indie-surabaya-cetak-buku,/blog/studi-kasus-dari-naskah-jadi-cuan-kisah-sukses-penulis-indie-surabaya-cetak-buku,true,true
/studi-kasus-proses-cetak-buku-novel-dari-naskah-hingga-jadi-buku-fisik,/blog/studi-kasus-proses-cetak-buku-novel-dari-naskah-hingga-jadi-buku-fisik,true,true
/tempat-isi-game-pc-surabaya,/blog/tempat-isi-game-pc-surabaya,true,true
/template-jasa,/blog/template-jasa,true,true
/terbaik-jual-game-pc-bandung,/blog/terbaik-jual-game-pc-bandung,true,true
/terbaik-jual-game-pc-bangkalan,/blog/terbaik-jual-game-pc-bangkalan,true,true
/terbaik-jual-game-pc-banyuwangi,/blog/terbaik-jual-game-pc-banyuwangi,true,true
/terbaik-jual-game-pc-batu,/blog/terbaik-jual-game-pc-batu,true,true
/terbaik-jual-game-pc-blitar,/blog/terbaik-jual-game-pc-blitar,true,true
/terbaik-jual-game-pc-brebes,/blog/terbaik-jual-game-pc-brebes,true,true
/terbaik-jual-game-pc-cianjur,/blog/terbaik-jual-game-pc-cianjur,true,true
/terbaik-jual-game-pc-cirebon,/blog/terbaik-jual-game-pc-cirebon,true,true
/terbaik-jual-game-pc-garut,/blog/terbaik-jual-game-pc-garut,true,true
/terbaik-jual-game-pc-jakarta-pusat,/blog/terbaik-jual-game-pc-jakarta-pusat,true,true
/terbaik-jual-game-pc-jakarta-utara,/blog/terbaik-jual-game-pc-jakarta-utara,true,true
/terbaik-jual-game-pc-kediri,/blog/terbaik-jual-game-pc-kediri,true,true
/terbaik-jual-game-pc-magelang,/blog/terbaik-jual-game-pc-magelang,true,true
/terbaik-jual-game-pc-majalengka,/blog/terbaik-jual-game-pc-majalengka,true,true
/terbaik-jual-game-pc-malang,/blog/terbaik-jual-game-pc-malang,true,true
/terbaik-jual-game-pc-mojokerto,/blog/terbaik-jual-game-pc-mojokerto,true,true
/terbaik-jual-game-pc-nganjuk,/blog/terbaik-jual-game-pc-nganjuk,true,true
/terbaik-jual-game-pc-pacitan,/blog/terbaik-jual-game-pc-pacitan,true,true
/terbaik-jual-game-pc-pati,/blog/terbaik-jual-game-pc-pati,true,true
/terbaik-jual-game-pc-pekalongan,/blog/terbaik-jual-game-pc-pekalongan,true,true
/terbaik-jual-game-pc-probolinggo,/blog/terbaik-jual-game-pc-probolinggo,true,true
/terbaik-jual-game-pc-purbalingga,/blog/terbaik-jual-game-pc-purbalingga,true,true
/terbaik-jual-game-pc-salatiga,/blog/terbaik-jual-game-pc-salatiga,true,true
/terbaik-jual-game-pc-sampang,/blog/terbaik-jual-game-pc-sampang,true,true
/terbaik-jual-game-pc-serang,/blog/terbaik-jual-game-pc-serang,true,true
/terbaik-jual-game-pc-sidoarjo,/blog/terbaik-jual-game-pc-sidoarjo,true,true
/terbaik-jual-game-pc-situbondo,/blog/terbaik-jual-game-pc-situbondo,true,true
/terbaik-jual-game-pc-sleman,/blog/terbaik-jual-game-pc-sleman,true,true
/terbaik-jual-game-pc-sragen,/blog/terbaik-jual-game-pc-sragen,true,true
/terbaik-jual-game-pc-sukabumi,/blog/terbaik-jual-game-pc-sukabumi,true,true
/terbaik-jual-game-pc-sumedang,/blog/terbaik-jual-game-pc-sumedang,true,true
/terbaik-jual-game-pc-surabaya,/blog/terbaik-jual-game-pc-surabaya,true,true
/terbaik-jual-game-pc-surakarta,/blog/terbaik-jual-game-pc-surakarta,true,true
/terbaik-jual-game-pc-tangerang-selatan,/blog/terbaik-jual-game-pc-tangerang-selatan,true,true
/terbaik-jual-game-pc-tangerang,/blog/terbaik-jual-game-pc-tangerang,true,true
/terbaik-jual-game-pc-tegal,/blog/terbaik-jual-game-pc-tegal,true,true
/terbaik-jual-game-pc-tuban,/blog/terbaik-jual-game-pc-tuban,true,true
/terbaik-jual-game-pc-wonogiri,/blog/terbaik-jual-game-pc-wonogiri,true,true
/terbaik-jual-game-pc-wonosobo,/blog/terbaik-jual-game-pc-wonosobo,true,true
/terbaik-rakit-pc-4-jutaan-terbaik-2025-1,/blog/terbaik-rakit-pc-4-jutaan-terbaik-2025-1,true,true
/terbaik-rakit-pc-4-jutaan-terbaik-2025,/blog/terbaik-rakit-pc-4-jutaan-terbaik-2025,true,true
/termurah-500ribu-an-jasa-pembuatan-website-sidoarjo-jawa-timur,/blog/termurah-500ribu-an-jasa-pembuatan-website-sidoarjo-jawa-timur,true,true
/termurah-jual-lagu-karaoke-laptop-komputer-hardisk-hdd-lagu-karaoke-surabaya-sidoarjo,/blog/termurah-jual-lagu-karaoke-laptop-komputer-hardisk-hdd-lagu-karaoke-surabaya-sidoarjo,true,true
/tips-cetak-buku-tahunan-sekolah-yearbook-keren-di-surabaya,/blog/tips-cetak-buku-tahunan-sekolah-yearbook-keren-di-surabaya,true,true
/tips-jitu-nego-harga-dengan-percetakan-biar-gak-kemahalan-1,/blog/tips-jitu-nego-harga-dengan-percetakan-biar-gak-kemahalan-1,true,true
/tips-jitu-nego-harga-dengan-percetakan-biar-gak-kemahalan,/blog/tips-jitu-nego-harga-dengan-percetakan-biar-gak-kemahalan,true,true
/toko-online-surabaya,/blog/toko-online-surabaya,true,true
/top-7-jasa-cetak-buku-murah-di-surabaya-dengan-kualitas-terjamin,/blog/top-7-jasa-cetak-buku-murah-di-surabaya-dengan-kualitas-terjamin,true,true
/troubleshooting-komputer-surabaya,/blog/troubleshooting-komputer-surabaya,true,true
/update-2024-rincian-estimasi-biaya-cetak-buku-satuan-di-surabaya,/blog/update-2024-rincian-estimasi-biaya-cetak-buku-satuan-di-surabaya,true,true
/update-2025-rincian-estimasi-biaya-cetak-buku-satuan-di-surabaya,/blog/update-2025-rincian-estimasi-biaya-cetak-buku-satuan-di-surabaya,true,true
/web-design-responsive-surabaya,/blog/web-design-responsive-surabaya,true,true
