url,finalUrl,statusCode,title,titleLength,metaDescription,metaDescriptionLength,robots,canonical,ogTitle,ogDescription,ogImage,h1,noindex,fetchError,issueCount,issues
https://kotacom.id/,,0,,0,,0,,,,,,,false,fetch failed,1,fetch_error
https://kotacom.id/rekomendasi-rakit-pc-5-jutaan,,0,,0,,0,,,,,,,false,fetch failed,1,fetch_error
https://kotacom.id/jasa-cetak-buku-surabaya,,0,,0,,0,,,,,,,false,fetch failed,1,fetch_error
https://kotacom.id/jual-dvd-game-surabaya-jasa-install-game-pc-surabaya-terbaru,,0,,0,,0,,,,,,,false,fetch failed,1,fetch_error
https://kotacom.id/jasa-instal-aplikasi-surabaya,,0,,0,,0,,,,,,,false,fetch failed,1,fetch_error
https://kotacom.id/jasa-rakit-pc-surabaya-murah,,0,,0,,0,,,,,,,false,fetch failed,1,fetch_error
https://kotacom.id/service-laptop-asus-surabaya,,0,,0,,0,,,,,,,false,fetch failed,1,fetch_error
https://kotacom.id/jasa-install-game-dan-isi-game-surabaya,,0,,0,,0,,,,,,,false,fetch failed,1,fetch_error
https://kotacom.id/rakit-pc-1-jutaan-di-2025-realistis-atau-mustahil,,0,,0,,0,,,,,,,false,fetch failed,1,fetch_error
https://kotacom.id/download-pes-2016-iso-game-pc,,0,,0,,0,,,,,,,false,fetch failed,1,fetch_error
https://kotacom.id/printer-gagal-menarik-kertas-ini-5-penyebab-dan-cara-mengatasinya,,0,,0,,0,,,,,,,false,fetch failed,1,fetch_error
https://kotacom.id/it-services/jasa-install-game-dan-isi-game-surabaya,,0,,0,,0,,,,,,,false,fetch failed,1,fetch_error
https://kotacom.id/digital-product/jual-dvd-game-surabaya-jasa-install-game-pc-surabaya-terbaru,,0,,0,,0,,,,,,,false,fetch failed,1,fetch_error
https://kotacom.id/jasa-install-linux-install-server-linux,,0,,0,,0,,,,,,,false,fetch failed,1,fetch_error
https://kotacom.id/jasa-isi-film-surabaya-full-hd-hd-2k-4k-semua-genre,,0,,0,,0,,,,,,,false,fetch failed,1,fetch_error
https://kotacom.id/jasa-install-autocad,,0,,0,,0,,,,,,,false,fetch failed,1,fetch_error
https://kotacom.id/jual-game-pc-jakarta,,0,,0,,0,,,,,,,false,fetch failed,1,fetch_error
https://kotacom.id/panduan-lengkap-cara-menyiapkan-file-pdf-siap-cetak-untuk-buku,,0,,0,,0,,,,,,,false,fetch failed,1,fetch_error
https://kotacom.id/jasa-mengembalikan-data-terhapus-surabaya,,0,,0,,0,,,,,,,false,fetch failed,1,fetch_error
https://kotacom.id/jasa-rakit-pc-surabaya-gresik-malang-sidoarjo,,0,,0,,0,,,,,,,false,fetch failed,1,fetch_error
https://kotacom.id/jasa-recovery-data-surabaya,,0,,0,,0,,,,,,,false,fetch failed,1,fetch_error
https://kotacom.id/tempat-isi-game-pc-surabaya,,0,,0,,0,,,,,,,false,fetch failed,1,fetch_error
https://kotacom.id/jasa-install-software-macbook,,0,,0,,0,,,,,,,false,fetch failed,1,fetch_error
https://kotacom.id/jasa-root-android-surabaya-no-root-free-bisa-unlock-custom-rom-juga,,0,,0,,0,,,,,,,false,fetch failed,1,fetch_error
https://kotacom.id/booking,,0,,0,,0,,,,,,,false,fetch failed,1,fetch_error
https://kotacom.id/jasa-install-microsoft-office-cepat-dan-bergaransi,,0,,0,,0,,,,,,,false,fetch failed,1,fetch_error
https://kotacom.id/terbaik-rakit-pc-4-jutaan-terbaik-2025,,0,,0,,0,,,,,,,false,fetch failed,1,fetch_error
https://kotacom.id/jasa-install-solidworks,,0,,0,,0,,,,,,,false,fetch failed,1,fetch_error
https://kotacom.id/panduan-rakit-pc-3-jutaan-terbaik-update-2025-all-new-build,,0,,0,,0,,,,,,,false,fetch failed,1,fetch_error
https://kotacom.id/shop,,0,,0,,0,,,,,,,false,fetch failed,1,fetch_error
https://kotacom.id/jasa-cetak-buku-sidoarjo,,0,,0,,0,,,,,,,false,fetch failed,1,fetch_error
https://kotacom.id/jasa-cetak-buku-mataram,,0,,0,,0,,,,,,,false,fetch failed,1,fetch_error
https://kotacom.id/jasa-cetak-buku-jeneponto,,0,,0,,0,,,,,,,false,fetch failed,1,fetch_error
https://kotacom.id/jasa-isi-lagu-karaoke-surabaya,,0,,0,,0,,,,,,,false,fetch failed,1,fetch_error
https://kotacom.id/jasa-install-macbook-bootcamp-surabaya,,0,,0,,0,,,,,,,false,fetch failed,1,fetch_error
https://kotacom.id/jasa-flash-hp-surabaya,,0,,0,,0,,,,,,,false,fetch failed,1,fetch_error
https://kotacom.id/terbaik-jual-game-pc-malang,,0,,0,,0,,,,,,,false,fetch failed,1,fetch_error
https://kotacom.id/jasa-cetak-buku-samarinda,,0,,0,,0,,,,,,,false,fetch failed,1,fetch_error
https://kotacom.id/rekomendasi-pc-5-jutaan-terbaik-2025-untuk-desain-grafis-maksimal-produktivitas-minimal-anggaran,,0,,0,,0,,,,,,,false,fetch failed,1,fetch_error
https://kotacom.id/isi-game-pc-surabaya,,0,,0,,0,,,,,,,false,fetch failed,1,fetch_error
https://kotacom.id/jasa-cetak-buku-banjarmasin,,0,,0,,0,,,,,,,false,fetch failed,1,fetch_error
https://kotacom.id/rakit-pc-2-jutaan-2025-strategi-hybrid-baru-bekas-terbaik,,0,,0,,0,,,,,,,false,fetch failed,1,fetch_error
https://kotacom.id/rekomendasi-jual-game-pc-jember,,0,,0,,0,,,,,,,false,fetch failed,1,fetch_error
https://kotacom.id/download-iso-windows-10-terbaru,,0,,0,,0,,,,,,,false,fetch failed,1,fetch_error
https://kotacom.id/no-1-jual-game-pc-purwakarta,,0,,0,,0,,,,,,,false,fetch failed,1,fetch_error
https://kotacom.id/service-komputer-surabaya-panggilan,,0,,0,,0,,,,,,,false,fetch failed,1,fetch_error
https://kotacom.id/jasa-cetak-buku-polewali-mandar,,0,,0,,0,,,,,,,false,fetch failed,1,fetch_error
https://kotacom.id/no-1-jual-game-pc-jombang,,0,,0,,0,,,,,,,false,fetch failed,1,fetch_error
https://kotacom.id/jasa-cetak-buku-kendari,,0,,0,,0,,,,,,,false,fetch failed,1,fetch_error
https://kotacom.id/terbaik-jual-game-pc-cirebon,,0,,0,,0,,,,,,,false,fetch failed,1,fetch_error
https://kotacom.id/no-1-jual-game-pc-kudus,,0,,0,,0,,,,,,,false,fetch failed,1,fetch_error
https://kotacom.id/jasa-cetak-buku-tomohon,,0,,0,,0,,,,,,,false,fetch failed,1,fetch_error
https://kotacom.id/no-1-jual-game-pc-kebumen,,0,,0,,0,,,,,,,false,fetch failed,1,fetch_error
https://kotacom.id/product-tag/jual-pc-rakitan-murah-lumajang,,0,,0,,0,,,,,,,false,fetch failed,1,fetch_error
https://kotacom.id/jasa-install-dan-update-windows-10-surabaya-murah,,0,,0,,0,,,,,,,false,fetch failed,1,fetch_error
https://kotacom.id/no-1-jual-game-pc-bekasi,,0,,0,,0,,,,,,,false,fetch failed,1,fetch_error
https://kotacom.id/service-hp-surabaya-service-android-surabaya,,0,,0,,0,,,,,,,false,fetch failed,1,fetch_error
https://kotacom.id/jasa-install-software-microsoft-office,,0,,0,,0,,,,,,,false,fetch failed,1,fetch_error
https://kotacom.id/jasa-cetak-buku-kepulauan-sangihe,,0,,0,,0,,,,,,,false,fetch failed,1,fetch_error
https://kotacom.id/jasa-install-ulang-windows-8-8-1-surabaya,,0,,0,,0,,,,,,,false,fetch failed,1,fetch_error
https://kotacom.id/jasa-install-game-pc-laptop-xbox-ps3-ps4-lengkap-dan-update-jasa-install-game-pc-laptop-xbox-ps3-ps4-surabaya-sidoarjo,,0,,0,,0,,,,,,,false,fetch failed,1,fetch_error
https://kotacom.id/no-1-jual-game-pc-subang,,0,,0,,0,,,,,,,false,fetch failed,1,fetch_error
https://kotacom.id/jasa-cetak-buku-dari-pdf-surabaya,,0,,0,,0,,,,,,,false,fetch failed,1,fetch_error
https://kotacom.id/percetakan,,0,,0,,0,,,,,,,false,fetch failed,1,fetch_error
https://kotacom.id/jasa-cetak-buku-sekadau,,0,,0,,0,,,,,,,false,fetch failed,1,fetch_error
https://kotacom.id/jasa-cetak-buku-manado,,0,,0,,0,,,,,,,false,fetch failed,1,fetch_error
https://kotacom.id/terbaik-jual-game-pc-kediri,,0,,0,,0,,,,,,,false,fetch failed,1,fetch_error
https://kotacom.id/jasa-cetak-buku-palu,,0,,0,,0,,,,,,,false,fetch failed,1,fetch_error
https://kotacom.id/terbaik-jual-game-pc-tangerang-selatan,,0,,0,,0,,,,,,,false,fetch failed,1,fetch_error
https://kotacom.id/jasa-install-software-kasir-cloud-bisa-online-ipos-5-surabaya,,0,,0,,0,,,,,,,false,fetch failed,1,fetch_error
https://kotacom.id/jasa-sewa-laptop-surabaya,,0,,0,,0,,,,,,,false,fetch failed,1,fetch_error
https://kotacom.id/jasa-pasang-peredam-suara-surabaya-karaoke-home-theater,,0,,0,,0,,,,,,,false,fetch failed,1,fetch_error
https://kotacom.id/jasa-cetak-buku-gianyar,,0,,0,,0,,,,,,,false,fetch failed,1,fetch_error
https://kotacom.id/jasa-cetak-buku-medan,,0,,0,,0,,,,,,,false,fetch failed,1,fetch_error
https://kotacom.id/rekomendasi-pc-rakitan-1-jutaan,,0,,0,,0,,,,,,,false,fetch failed,1,fetch_error
https://kotacom.id/jasa-cetak-buku-lubuklinggau,,0,,0,,0,,,,,,,false,fetch failed,1,fetch_error
https://kotacom.id/service,,0,,0,,0,,,,,,,false,fetch failed,1,fetch_error
https://kotacom.id/download-custom-rom-s10-plus-romofficial-lineageos-20-for-galaxy-s10e-s10-s10-s10-5g-exynos,,0,,0,,0,,,,,,,false,fetch failed,1,fetch_error
https://kotacom.id/jasa-isi-laptop-komputer-hardisk-lagu-karaoke-surabaya-sidoarjo,,0,,0,,0,,,,,,,false,fetch failed,1,fetch_error
https://kotacom.id/rakit-pc-6-jutaan-2025-mesin-gaming-1080p-high-setting-terbaik,,0,,0,,0,,,,,,,false,fetch failed,1,fetch_error
https://kotacom.id/percetakan-buku-murah-surabaya,,0,,0,,0,,,,,,,false,fetch failed,1,fetch_error
https://kotacom.id/products/hardisk-eksternal-1tb-full-isi-film-hd-game-pc-dan-lainnya-0,,0,,0,,0,,,,,,,false,fetch failed,1,fetch_error
https://kotacom.id/rakit-pc-10-jutaan-2025-dominasi-gaming-1440p-produktivitas,,0,,0,,0,,,,,,,false,fetch failed,1,fetch_error
https://kotacom.id/no-1-jual-game-pc-bogor,,0,,0,,0,,,,,,,false,fetch failed,1,fetch_error
https://kotacom.id/jasa-install-ulang-windows-10-surabaya-panggilan,,0,,0,,0,,,,,,,false,fetch failed,1,fetch_error
https://kotacom.id/jasa-service-macbook-surabaya-bisa-ditunggu,,0,,0,,0,,,,,,,false,fetch failed,1,fetch_error
https://kotacom.id/jasa-pembuatan-website-surabaya,,0,,0,,0,,,,,,,false,fetch failed,1,fetch_error
https://kotacom.id/rekomendasi-jual-game-pc-purworejo,,0,,0,,0,,,,,,,false,fetch failed,1,fetch_error
https://kotacom.id/jasa-rakit-pc-unbk-server-client-terbaik-termurah,,0,,0,,0,,,,,,,false,fetch failed,1,fetch_error
https://kotacom.id/pasang-alarm-motor-surabaya-pasang-gps-motor-surabaya,,0,,0,,0,,,,,,,false,fetch failed,1,fetch_error
https://kotacom.id/jasa-install-game-surabaya,,0,,0,,0,,,,,,,false,fetch failed,1,fetch_error
https://kotacom.id/rekomendasi-jual-game-pc-bandung-barat,,0,,0,,0,,,,,,,false,fetch failed,1,fetch_error
https://kotacom.id/jasa-cetak-buku-jayapura,,0,,0,,0,,,,,,,false,fetch failed,1,fetch_error
https://kotacom.id/rakit-pc-gaming-fullset-10-jutaan,,0,,0,,0,,,,,,,false,fetch failed,1,fetch_error
https://kotacom.id/paket-home-karaoke-eksklusif-vip-laptop-komputer-jasa-pemasangan,,0,,0,,0,,,,,,,false,fetch failed,1,fetch_error
https://kotacom.id/jasa-install-windows-11-sidoarjo,,0,,0,,0,,,,,,,false,fetch failed,1,fetch_error
https://kotacom.id/jasa-install-windows-11-surabaya,,0,,0,,0,,,,,,,false,fetch failed,1,fetch_error
https://kotacom.id/terbaik-jual-game-pc-garut,,0,,0,,0,,,,,,,false,fetch failed,1,fetch_error
https://kotacom.id/sewa-karaoke-surabaya-gresik-malang-sidoarjo-pacet-trawas-jawatimur,,0,,0,,0,,,,,,,false,fetch failed,1,fetch_error
https://kotacom.id/rekomendasi-jual-game-pc-magelang,,0,,0,,0,,,,,,,false,fetch failed,1,fetch_error
https://kotacom.id/cetak-buku-full-color-vs-hitam-putih-mana-lebih-untung,,0,,0,,0,,,,,,,false,fetch failed,1,fetch_error
https://kotacom.id/jasa-cetak-buku-pringsewu,,0,,0,,0,,,,,,,false,fetch failed,1,fetch_error
https://kotacom.id/jasa-pasang-ac-surabaya-bergaransi-professional-jawa-timur,,0,,0,,0,,,,,,,false,fetch failed,1,fetch_error
https://kotacom.id/product-tag/jual-pc-rakitan-murah-nganjuk/page/2,,0,,0,,0,,,,,,,false,fetch failed,1,fetch_error
https://kotacom.id/jasa-cetak-buku-sorong,,0,,0,,0,,,,,,,false,fetch failed,1,fetch_error
https://kotacom.id/jasa-service-komputer-laptop-notebook-macbook-surabaya,,0,,0,,0,,,,,,,false,fetch failed,1,fetch_error
https://kotacom.id/jasa-instal-software-surabaya-windows-macbook,,0,,0,,0,,,,,,,false,fetch failed,1,fetch_error
https://kotacom.id/no-1-jual-game-pc-ponorogo,,0,,0,,0,,,,,,,false,fetch failed,1,fetch_error
https://kotacom.id/products/simulasi-rakit-pc-surabaya-jasa-rakit-pc-surabaya,,0,,0,,0,,,,,,,false,fetch failed,1,fetch_error
https://kotacom.id/jasa-install-windows-7-8-10-11-sidoarjo,,0,,0,,0,,,,,,,false,fetch failed,1,fetch_error
https://kotacom.id/product/pc-intel-core-i7-6700-ram-32gb-ssd-1tb-monitor-led-24-inc,,0,,0,,0,,,,,,,false,fetch failed,1,fetch_error
https://kotacom.id/jasa-cetak-buku-bau-bau,,0,,0,,0,,,,,,,false,fetch failed,1,fetch_error
https://kotacom.id/product-tag/jual-pc-rakitan-murah-madiun,,0,,0,,0,,,,,,,false,fetch failed,1,fetch_error
https://kotacom.id/jasa-cetak-buku-lombok-barat,,0,,0,,0,,,,,,,false,fetch failed,1,fetch_error
https://kotacom.id/product-tag/jasa-rakit-pc-sidoarjo/page/2,,0,,0,,0,,,,,,,false,fetch failed,1,fetch_error
https://kotacom.id/jasa-upgrade-ssd-laptop-surabaya-mac-imac-sidoarjo-malang-gresik,,0,,0,,0,,,,,,,false,fetch failed,1,fetch_error
https://kotacom.id/rakit-pc-gaming-5-jutaan-fullset,,0,,0,,0,,,,,,,false,fetch failed,1,fetch_error
https://kotacom.id/products/paket-speaker-karaoke-bob-audio-8inc-power-amplifier-bt-2750,,0,,0,,0,,,,,,,false,fetch failed,1,fetch_error
https://kotacom.id/terbaik-jual-game-pc-sukabumi,,0,,0,,0,,,,,,,false,fetch failed,1,fetch_error
https://kotacom.id/jasa-cetak-buku-tarakan,,0,,0,,0,,,,,,,false,fetch failed,1,fetch_error
