source,destination,permanent,isEnabled,clicks,impressions,priorityScore
/rekomendasi-rakit-pc-5-jutaan,/blog/rekomendasi-rakit-pc-5-jutaan,true,true,334,58773,46.19
/jasa-instal-aplikasi-surabaya,/blog/jasa-instal-aplikasi-surabaya,true,true,248,6624,38.93
/jasa-cetak-buku-surabaya,/blog/jasa-cetak-buku-surabaya,true,true,207,14750,42.78
/jasa-rakit-pc-surabaya-murah,/blog/jasa-rakit-pc-surabaya-murah,true,true,196,9781,38.48
/jual-dvd-game-surabaya-jasa-install-game-pc-surabaya-terbaru,/blog/jual-dvd-game-surabaya-jasa-install-game-pc-surabaya-terbaru,true,true,183,5240,40.82
/download-pes-2016-iso-game-pc,/blog/download-pes-2016-iso-game-pc,true,true,174,2253,35.87
/jasa-install-game-dan-isi-game-surabaya,/blog/jasa-install-game-dan-isi-game-surabaya,true,true,106,2641,37.07
/jasa-install-software-macbook,/blog/jasa-install-software-macbook,true,true,100,1456,31.03
/jasa-mengembalikan-data-terhapus-surabaya,/blog/jasa-mengembalikan-data-terhapus-surabaya,true,true,99,2385,31.72
/jual-game-pc-jakarta,/blog/jual-game-pc-jakarta,true,true,88,1661,32.34
/jasa-root-android-surabaya-no-root-free-bisa-unlock-custom-rom-juga,/blog/jasa-root-android-surabaya-no-root-free-bisa-unlock-custom-rom-juga,true,true,75,2225,30.61
/jasa-recovery-data-surabaya,/blog/jasa-recovery-data-surabaya,true,true,66,5126,31.51
/jasa-isi-film-surabaya-full-hd-hd-2k-4k-semua-genre,/blog/jasa-isi-film-surabaya-full-hd-hd-2k-4k-semua-genre,true,true,62,405,33.22
/jasa-flash-hp-surabaya,/blog/jasa-flash-hp-surabaya,true,true,56,2215,29.56
/jasa-install-linux-install-server-linux,/blog/jasa-install-linux-install-server-linux,true,true,51,1072,34.08
/jasa-isi-lagu-karaoke-surabaya,/blog/jasa-isi-lagu-karaoke-surabaya,true,true,48,1600,29.74
/service-laptop-asus-surabaya,/blog/service-laptop-asus-surabaya,true,true,44,8907,37.88
/jasa-rakit-pc-surabaya-gresik-malang-sidoarjo,/blog/jasa-rakit-pc-surabaya-gresik-malang-sidoarjo,true,true,43,3596,31.57
/jasa-install-macbook-bootcamp-surabaya,/blog/jasa-install-macbook-bootcamp-surabaya,true,true,43,1294,29.64
/download-iso-windows-10-terbaru,/blog/download-iso-windows-10-terbaru,true,true,43,3464,28.37
/rekomendasi-pc-5-jutaan-terbaik-2025-untuk-desain-grafis-maksimal-produktivitas-minimal-anggaran,/blog/rekomendasi-pc-5-jutaan-terbaik-2025-untuk-desain-grafis-maksimal-produktivitas-minimal-anggaran,true,true,39,1992,28.88
/jasa-cetak-buku-dari-pdf-surabaya,/blog/jasa-cetak-buku-dari-pdf-surabaya,true,true,33,1103,26.57
/service-hp-surabaya-service-android-surabaya,/blog/service-hp-surabaya-service-android-surabaya,true,true,32,1683,27.15
/tempat-isi-game-pc-surabaya,/blog/tempat-isi-game-pc-surabaya,true,true,31,482,31.44
/download-custom-rom-s10-plus-romofficial-lineageos-20-for-galaxy-s10e-s10-s10-s10-5g-exynos,/blog/download-custom-rom-s10-plus-romofficial-lineageos-20-for-galaxy-s10e-s10-s10-s10-5g-exynos,true,true,31,779,25.81
/jasa-install-software-microsoft-office,/blog/jasa-install-software-microsoft-office,true,true,30,1905,27.14
/jasa-install-autocad,/blog/jasa-install-autocad,true,true,29,790,32.96
/terbaik-jual-game-pc-cirebon,/blog/terbaik-jual-game-pc-cirebon,true,true,29,603,27.49
/jasa-isi-laptop-komputer-hardisk-lagu-karaoke-surabaya-sidoarjo,/blog/jasa-isi-laptop-komputer-hardisk-lagu-karaoke-surabaya-sidoarjo,true,true,29,902,25.8
/pasang-alarm-motor-surabaya-pasang-gps-motor-surabaya,/blog/pasang-alarm-motor-surabaya-pasang-gps-motor-surabaya,true,true,28,729,25.34
/jasa-install-software-kasir-cloud-bisa-online-ipos-5-surabaya,/blog/jasa-install-software-kasir-cloud-bisa-online-ipos-5-surabaya,true,true,27,1272,26.1
/jasa-pasang-peredam-suara-surabaya-karaoke-home-theater,/blog/jasa-pasang-peredam-suara-surabaya-karaoke-home-theater,true,true,25,1379,25.97
/percetakan-buku-murah-surabaya,/blog/percetakan-buku-murah-surabaya,true,true,24,1112,25.79
/paket-home-karaoke-eksklusif-vip-laptop-komputer-jasa-pemasangan,/blog/paket-home-karaoke-eksklusif-vip-laptop-komputer-jasa-pemasangan,true,true,24,837,25.02
/rakit-pc-1-jutaan-di-2025-realistis-atau-mustahil,/blog/rakit-pc-1-jutaan-di-2025-realistis-atau-mustahil,true,true,22,4010,36.71
/panduan-rakit-pc-3-jutaan-terbaik-update-2025-all-new-build,/blog/panduan-rakit-pc-3-jutaan-terbaik-update-2025-all-new-build,true,true,22,1853,29.95
/service-komputer-surabaya-panggilan,/blog/service-komputer-surabaya-panggilan,true,true,21,6114,27.9
/jasa-install-dan-update-windows-10-surabaya-murah,/blog/jasa-install-dan-update-windows-10-surabaya-murah,true,true,21,4013,27.18
/jasa-sewa-laptop-surabaya,/blog/jasa-sewa-laptop-surabaya,true,true,21,3619,26
/sewa-karaoke-surabaya-gresik-malang-sidoarjo-pacet-trawas-jawatimur,/blog/sewa-karaoke-surabaya-gresik-malang-sidoarjo-pacet-trawas-jawatimur,true,true,21,886,24.65
/jasa-install-windows-11-sidoarjo,/blog/jasa-install-windows-11-sidoarjo,true,true,20,1129,24.88
/jasa-install-windows-11-surabaya,/blog/jasa-install-windows-11-surabaya,true,true,20,1125,24.87
/rakit-pc-10-jutaan-2025-dominasi-gaming-1440p-produktivitas,/blog/rakit-pc-10-jutaan-2025-dominasi-gaming-1440p-produktivitas,true,true,19,1406,25.75
/jasa-install-ulang-windows-10-surabaya-panggilan,/blog/jasa-install-ulang-windows-10-surabaya-panggilan,true,true,19,1468,25.66
/terbaik-rakit-pc-4-jutaan-terbaik-2025,/blog/terbaik-rakit-pc-4-jutaan-terbaik-2025,true,true,18,1424,30.17
/isi-game-pc-surabaya,/blog/isi-game-pc-surabaya,true,true,18,518,28.76
/rakit-pc-6-jutaan-2025-mesin-gaming-1080p-high-setting-terbaik,/blog/rakit-pc-6-jutaan-2025-mesin-gaming-1080p-high-setting-terbaik,true,true,18,694,25.8
/jasa-install-windows-7-8-10-11-sidoarjo,/blog/jasa-install-windows-7-8-10-11-sidoarjo,true,true,18,895,24.14
/jasa-install-ulang-windows-8-8-1-surabaya,/blog/jasa-install-ulang-windows-8-8-1-surabaya,true,true,16,3943,27.03
/rakit-pc-gaming-fullset-10-jutaan,/blog/rakit-pc-gaming-fullset-10-jutaan,true,true,16,1822,25.11
/jasa-service-komputer-laptop-notebook-macbook-surabaya,/blog/jasa-service-komputer-laptop-notebook-macbook-surabaya,true,true,16,1248,24.29
/jasa-instal-software-surabaya-windows-macbook,/blog/jasa-instal-software-surabaya-windows-macbook,true,true,16,1205,24.24
/jasa-cetak-buku-sidoarjo,/blog/jasa-cetak-buku-sidoarjo,true,true,15,453,29.88
/jasa-rakit-pc-unbk-server-client-terbaik-termurah,/blog/jasa-rakit-pc-unbk-server-client-terbaik-termurah,true,true,15,2647,25.35
/printer-gagal-menarik-kertas-ini-5-penyebab-dan-cara-mengatasinya,/blog/printer-gagal-menarik-kertas-ini-5-penyebab-dan-cara-mengatasinya,true,true,14,2712,35.74
/jasa-install-microsoft-office-cepat-dan-bergaransi,/blog/jasa-install-microsoft-office-cepat-dan-bergaransi,true,true,14,1511,30.27
/jasa-install-game-pc-laptop-xbox-ps3-ps4-lengkap-dan-update-jasa-install-game-pc-laptop-xbox-ps3-ps4-surabaya-sidoarjo,/blog/jasa-install-game-pc-laptop-xbox-ps3-ps4-lengkap-dan-update-jasa-install-game-pc-laptop-xbox-ps3-ps4-surabaya-sidoarjo,true,true,14,844,26.94
/rekomendasi-pc-rakitan-1-jutaan,/blog/rekomendasi-pc-rakitan-1-jutaan,true,true,14,4218,25.93
/jasa-service-macbook-surabaya-bisa-ditunggu,/blog/jasa-service-macbook-surabaya-bisa-ditunggu,true,true,14,3599,25.65
/jasa-upgrade-ssd-laptop-surabaya-mac-imac-sidoarjo-malang-gresik,/blog/jasa-upgrade-ssd-laptop-surabaya-mac-imac-sidoarjo-malang-gresik,true,true,14,1234,23.83
/jasa-install-autocad-2010-2013-2016-surabaya-sidoarjo,/blog/jasa-install-autocad-2010-2013-2016-surabaya-sidoarjo,true,true,14,322,21.66
/jasa-install-game-surabaya,/blog/jasa-install-game-surabaya,true,true,13,373,25.27
/hubungi-kami,/blog/hubungi-kami,true,true,13,436,22.84
/jasa-install-solidworks,/blog/jasa-install-solidworks,true,true,12,333,30.01
/no-1-jual-game-pc-kebumen,/blog/no-1-jual-game-pc-kebumen,true,true,12,204,27.25
/jasa-pasang-ac-surabaya-bergaransi-professional-jawa-timur,/blog/jasa-pasang-ac-surabaya-bergaransi-professional-jawa-timur,true,true,12,4140,24.39
/rakit-pc-gaming-5-jutaan-fullset,/blog/rakit-pc-gaming-5-jutaan-fullset,true,true,12,1577,23.74
/jasa-pasang-software-kasir-minimarket-point-of-sales-surabaya,/blog/jasa-pasang-software-kasir-minimarket-point-of-sales-surabaya,true,true,12,1099,23.13
/jual-dvd-windows-7-8-1-10-pro-original-license-asli-microsoft,/blog/jual-dvd-windows-7-8-1-10-pro-original-license-asli-microsoft,true,true,12,461,21.7
/no-1-jual-game-pc-bekasi,/blog/no-1-jual-game-pc-bekasi,true,true,11,135,27.16
/jasa-cetak-buku-mojokerto,/blog/jasa-cetak-buku-mojokerto,true,true,11,597,21.83
/rekomendasi-jual-game-pc-cilegon,/blog/rekomendasi-jual-game-pc-cilegon,true,true,11,341,20.93
/jasa-install-software-corel-draw-terbaru-x5-x6-x7-x8-surabaya-full-panggilan,/blog/jasa-install-software-corel-draw-terbaru-x5-x6-x7-x8-surabaya-full-panggilan,true,true,11,232,20.72
/panduan-lengkap-cara-menyiapkan-file-pdf-siap-cetak-untuk-buku,/blog/panduan-lengkap-cara-menyiapkan-file-pdf-siap-cetak-untuk-buku,true,true,10,772,32.22
/terbaik-jual-game-pc-malang,/blog/terbaik-jual-game-pc-malang,true,true,10,344,29.2
/rekomendasi-jual-game-pc-jember,/blog/rekomendasi-jual-game-pc-jember,true,true,10,240,28.56
/no-1-jual-game-pc-purwakarta,/blog/no-1-jual-game-pc-purwakarta,true,true,10,203,28.1
/terbaik-jual-game-pc-tangerang-selatan,/blog/terbaik-jual-game-pc-tangerang-selatan,true,true,10,496,26.16
/jasa-pembuatan-website-surabaya,/blog/jasa-pembuatan-website-surabaya,true,true,10,11038,25.51
/jasa-instal-game-pes-2017-terbaru-surabaya-sidoarjo,/blog/jasa-instal-game-pes-2017-terbaru-surabaya-sidoarjo,true,true,10,202,19.76
/jasa-cetak-buku-samarinda,/blog/jasa-cetak-buku-samarinda,true,true,9,731,29.09
/no-1-jual-game-pc-jombang,/blog/no-1-jual-game-pc-jombang,true,true,9,128,27.68
/terbaik-jual-game-pc-kediri,/blog/terbaik-jual-game-pc-kediri,true,true,9,55,26.27
/jasa-install-adobe-photoshop-online-solusi-cepat-untuk-kreativitas-anda,/blog/jasa-install-adobe-photoshop-online-solusi-cepat-untuk-kreativitas-anda,true,true,9,218,23.39
/paket-home-karaoke-komputer-karaoke-murah-low-budget-rumahan,/blog/paket-home-karaoke-komputer-karaoke-murah-low-budget-rumahan,true,true,9,633,20.28
/jasa-cetak-buku-jeneponto,/blog/jasa-cetak-buku-jeneponto,true,true,8,203,29.83
/jasa-isi-film-surabaya,/blog/jasa-isi-film-surabaya,true,true,8,60,23.23
/jasa-install-ulang-windows-surabaya,/blog/jasa-install-ulang-windows-surabaya,true,true,8,1233,22.03
/jasa-instal-jual-windows-7-8-10-microsoft-office-2010-2013-2016-original-license-asli-microsoft-surabaya,/blog/jasa-instal-jual-windows-7-8-10-microsoft-office-2010-2013-2016-original-license-asli-microsoft-surabaya,true,true,8,756,21.2
/jasa-install-software-macbook-surabaya-install-software-mac-surabaya,/blog/jasa-install-software-macbook-surabaya-install-software-mac-surabaya,true,true,8,463,20.39
/jual-pc-rakitan-surabaya-sehari-jadi-murah-berkwalitas,/blog/jual-pc-rakitan-surabaya-sehari-jadi-murah-berkwalitas,true,true,8,252,19.41
/booking,/blog/booking,true,true,7,917,30.5
/jasa-cetak-buku-mataram,/blog/jasa-cetak-buku-mataram,true,true,7,561,29.84
/jasa-cetak-buku-banjarmasin,/blog/jasa-cetak-buku-banjarmasin,true,true,7,558,28.74
/jasa-cetak-buku-polewali-mandar,/blog/jasa-cetak-buku-polewali-mandar,true,true,7,451,27.84
/jasa-cetak-buku-kendari,/blog/jasa-cetak-buku-kendari,true,true,7,329,27.6
/no-1-jual-game-pc-ponorogo,/blog/no-1-jual-game-pc-ponorogo,true,true,7,191,24.21
/jasa-install-warnet-install-game-warnet,/blog/jasa-install-warnet-install-game-warnet,true,true,7,1928,22.38
/rakit-pc-surabaya-pc-rakitan-surabaya,/blog/rakit-pc-surabaya-pc-rakitan-surabaya,true,true,7,467,21.42
/jasa-install-adobe-premiere-pro-online-edit-video-profesional-tanpa-ribet,/blog/jasa-install-adobe-premiere-pro-online-edit-video-profesional-tanpa-ribet,true,true,7,434,20.93
/online-jasa-install-software-sketchup-surabaya-sidoarjo,/blog/online-jasa-install-software-sketchup-surabaya-sidoarjo,true,true,7,190,20.11
/jasa-upgrade-ssd-macbook-surabaya-mac-imac-sidoarjo-malang-gresik,/blog/jasa-upgrade-ssd-macbook-surabaya-mac-imac-sidoarjo-malang-gresik,true,true,7,325,19.39
/no-1-jual-game-pc-jakarta-barat,/blog/no-1-jual-game-pc-jakarta-barat,true,true,7,176,18.79
/no-1-jual-game-pc-kudus,/blog/no-1-jual-game-pc-kudus,true,true,6,395,27.36
/no-1-jual-game-pc-subang,/blog/no-1-jual-game-pc-subang,true,true,6,79,26.92
/jasa-cetak-buku-manado,/blog/jasa-cetak-buku-manado,true,true,6,221,26.33
/no-1-jual-game-pc-bogor,/blog/no-1-jual-game-pc-bogor,true,true,6,281,25.75
/rekomendasi-jual-game-pc-purworejo,/blog/rekomendasi-jual-game-pc-purworejo,true,true,6,46,25.43
/terbaik-jual-game-pc-garut,/blog/terbaik-jual-game-pc-garut,true,true,6,61,24.81
/rekomendasi-jual-game-pc-magelang,/blog/rekomendasi-jual-game-pc-magelang,true,true,6,200,24.63
/terbaik-jual-game-pc-sukabumi,/blog/terbaik-jual-game-pc-sukabumi,true,true,6,81,23.66
/jual-software-ipos-kasir-surabaya,/blog/jual-software-ipos-kasir-surabaya,true,true,6,319,22.04
/rekomendasi-jual-game-pc-madiun,/blog/rekomendasi-jual-game-pc-madiun,true,true,6,155,21.02
/jasa-cetak-buku-sekolah,/blog/jasa-cetak-buku-sekolah,true,true,6,529,19.71
/no-1-jual-game-pc-karawang,/blog/no-1-jual-game-pc-karawang,true,true,6,113,17.25
/shop,/blog/shop,true,true,5,345,29.95
/percetakan,/blog/percetakan,true,true,5,89,26.5
/rekomendasi-jual-game-pc-bandung-barat,/blog/rekomendasi-jual-game-pc-bandung-barat,true,true,5,284,25.21
/jasa-cetak-buku-jayapura,/blog/jasa-cetak-buku-jayapura,true,true,5,135,25.18
/jasa-install-pes-2020-surabaya-sidoarjo-malang-lamongan,/blog/jasa-install-pes-2020-surabaya-sidoarjo-malang-lamongan,true,true,5,81,20.2
/jasa-install-ulang-windows-7-surabaya-panggilan,/blog/jasa-install-ulang-windows-7-surabaya-panggilan,true,true,5,1125,19.45
/jasa-cetak-buku-novel-murah,/blog/jasa-cetak-buku-novel-murah,true,true,5,540,18.2
/jasa-install-coreldraw-online-solusi-desain-grafis-cepat-praktis,/blog/jasa-install-coreldraw-online-solusi-desain-grafis-cepat-praktis,true,true,5,268,18.11
/jasa-install-sketchup-online-cepat-mudah-bergaransi,/blog/jasa-install-sketchup-online-cepat-mudah-bergaransi,true,true,5,90,16.34
/jasa-instal-software-autodesk-3d-max-2010-2013-2016-surabaya-sidoarjo-panggilan,/blog/jasa-instal-software-autodesk-3d-max-2010-2013-2016-surabaya-sidoarjo-panggilan,true,true,5,58,15.74
/rakit-pc-2-jutaan-2025-strategi-hybrid-baru-bekas-terbaik,/blog/rakit-pc-2-jutaan-2025-strategi-hybrid-baru-bekas-terbaik,true,true,4,1822,28.57
/jasa-cetak-buku-tomohon,/blog/jasa-cetak-buku-tomohon,true,true,4,374,27.31
/jasa-cetak-buku-kepulauan-sangihe,/blog/jasa-cetak-buku-kepulauan-sangihe,true,true,4,43,27.08
/jasa-cetak-buku-medan,/blog/jasa-cetak-buku-medan,true,true,4,449,25.95
/jual-game-original-surabaya-steam-origin,/blog/jual-game-original-surabaya-steam-origin,true,true,4,1376,20.16
/service-komputer-service-laptop-surabaya,/blog/service-komputer-service-laptop-surabaya,true,true,4,1279,20.04
/jasa-instal-ulang-dan-update-windows-8-windows-8-1-murah-surabaya,/blog/jasa-instal-ulang-dan-update-windows-8-windows-8-1-murah-surabaya,true,true,4,971,19.56
/termurah-500ribu-an-jasa-pembuatan-website-sidoarjo-jawa-timur,/blog/termurah-500ribu-an-jasa-pembuatan-website-sidoarjo-jawa-timur,true,true,4,756,19.13
/jasa-cetak-kalender,/blog/jasa-cetak-kalender,true,true,4,1019,18.65
/jasa-install-dan-update-windows-7-surabaya-murah,/blog/jasa-install-dan-update-windows-7-surabaya-murah,true,true,4,511,18.47
/jasa-cetak-buku-pontianak,/blog/jasa-cetak-buku-pontianak,true,true,4,395,18.03
/jasa-pembuatan-website,/blog/jasa-pembuatan-website,true,true,4,520,17.5
/list-software-windows-macbook-terbaru,/blog/list-software-windows-macbook-terbaru,true,true,4,250,17.27
/jasa-upgrade-reinstall-install-ulang-mac-macbook-surabaya-gresik-sidoarjo-madura,/blog/jasa-upgrade-reinstall-install-ulang-mac-macbook-surabaya-gresik-sidoarjo-madura,true,true,4,248,17.26
/jasa-cetak-buku-palu,/blog/jasa-cetak-buku-palu,true,true,3,483,26.24
/jasa-cetak-buku-gianyar,/blog/jasa-cetak-buku-gianyar,true,true,3,175,25.97
/cetak-buku-full-color-vs-hitam-putih-mana-lebih-untung,/blog/cetak-buku-full-color-vs-hitam-putih-mana-lebih-untung,true,true,3,298,24.59
/jasa-cetak-buku-pringsewu,/blog/jasa-cetak-buku-pringsewu,true,true,3,176,24.49
/no-1-jual-game-pc-pasuruan,/blog/no-1-jual-game-pc-pasuruan,true,true,3,54,23.35
/jasa-cetak-buku-lampung-barat,/blog/jasa-cetak-buku-lampung-barat,true,true,3,101,23.27
/terbaik-jual-game-pc-purbalingga,/blog/terbaik-jual-game-pc-purbalingga,true,true,3,164,22.68
/rekomendasi-jual-game-pc-klaten,/blog/rekomendasi-jual-game-pc-klaten,true,true,3,24,22.67
/rekomendasi-jual-game-pc-magetan,/blog/rekomendasi-jual-game-pc-magetan,true,true,3,41,21.46
/terbaik-jual-game-pc-nganjuk,/blog/terbaik-jual-game-pc-nganjuk,true,true,3,26,21.32
/jasa-cetak-buku-manokwari-selatan,/blog/jasa-cetak-buku-manokwari-selatan,true,true,3,507,20.75
/pc-gaming-fullset-murah-2-jutaan-realita-kompromi-ekstrim-2025,/blog/pc-gaming-fullset-murah-2-jutaan-realita-kompromi-ekstrim-2025,true,true,3,956,20.03
/rekomendasi-jual-game-pc-jepara,/blog/rekomendasi-jual-game-pc-jepara,true,true,3,58,19.34
/jasa-cetak-buku-nagekeo,/blog/jasa-cetak-buku-nagekeo,true,true,3,43,19.1
/jasa-cetak-buku-sarolangun,/blog/jasa-cetak-buku-sarolangun,true,true,3,488,18.19
/print-on-demand-pod-vs-cetak-offset-di-surabaya-mana-pilihan-terbaik,/blog/print-on-demand-pod-vs-cetak-offset-di-surabaya-mana-pilihan-terbaik,true,true,3,116,18.14
/jasa-install-software-adobe-collection-photoshop-illustrator-acrobat-indesign-after-effect-premiere-pro-dll-cs6-cc-2017-surabaya-full-panggilan,/blog/jasa-install-software-adobe-collection-photoshop-illustrator-acrobat-indesign-after-effect-premiere-pro-dll-cs6-cc-2017-surabaya-full-panggilan,true,true,3,126,17.96
/rakit-pc-untuk-anak-sd-panduan-terbaik-2025,/blog/rakit-pc-untuk-anak-sd-panduan-terbaik-2025,true,true,3,40,17.76
/jasa-website-surabaya-1-promo-100rb,/blog/jasa-website-surabaya-1-promo-100rb,true,true,3,504,16.66
/termurah-jual-lagu-karaoke-laptop-komputer-hardisk-hdd-lagu-karaoke-surabaya-sidoarjo,/blog/termurah-jual-lagu-karaoke-laptop-komputer-hardisk-hdd-lagu-karaoke-surabaya-sidoarjo,true,true,3,432,16.4
/jasa-cetak-buku-tanjung-pinang,/blog/jasa-cetak-buku-tanjung-pinang,true,true,3,206,16.15
/5-rekomendasi-jasa-layout-buku-profesional-di-surabaya-harga-portofolio,/blog/5-rekomendasi-jasa-layout-buku-profesional-di-surabaya-harga-portofolio,true,true,3,45,15.93
/jasa-cetak-buku-yasin-surabaya,/blog/jasa-cetak-buku-yasin-surabaya,true,true,3,134,15.46
/jasa-pasang-karaoke-surabaya,/blog/jasa-pasang-karaoke-surabaya,true,true,3,112,15.16
/jasa-cetak-buku-sekadau,/blog/jasa-cetak-buku-sekadau,true,true,2,230,26.35
/jasa-cetak-buku-lubuklinggau,/blog/jasa-cetak-buku-lubuklinggau,true,true,2,274,25.93
/service,/blog/service,true,true,2,114,25.91
/jasa-cetak-buku-sorong,/blog/jasa-cetak-buku-sorong,true,true,2,88,24.36
/jasa-cetak-buku-lombok-barat,/blog/jasa-cetak-buku-lombok-barat,true,true,2,154,23.88
/jasa-cetak-buku-tarakan,/blog/jasa-cetak-buku-tarakan,true,true,2,74,23.63
/category/rakit-pc,/blog/category/rakit-pc,true,true,2,9,23.62
/jasa-cetak-buku-sidenreng-rappang,/blog/jasa-cetak-buku-sidenreng-rappang,true,true,2,45,23.37
/jasa-cetak-buku-tanjungbalai,/blog/jasa-cetak-buku-tanjungbalai,true,true,2,78,23.35
/jasa-cetak-buku-pagar-alam,/blog/jasa-cetak-buku-pagar-alam,true,true,2,36,23.03
/jasa-cetak-buku-tulang-bawang,/blog/jasa-cetak-buku-tulang-bawang,true,true,2,15,22.67
/jasa-cetak-buku-palembang,/blog/jasa-cetak-buku-palembang,true,true,2,160,22.57
/jasa-cetak-buku-bandar-lampung,/blog/jasa-cetak-buku-bandar-lampung,true,true,2,45,22.32
/no-1-jual-game-pc-cilacap,/blog/no-1-jual-game-pc-cilacap,true,true,2,31,22.15
/jasa-cetak-buku-bima,/blog/jasa-cetak-buku-bima,true,true,2,130,21.69
/jasa-cetak-buku-merauke,/blog/jasa-cetak-buku-merauke,true,true,2,46,21.53
/jasa-cetak-buku-ende,/blog/jasa-cetak-buku-ende,true,true,2,52,21.41
/rekomendasi-jual-game-pc-cimahi,/blog/rekomendasi-jual-game-pc-cimahi,true,true,2,33,20.94
/terbaik-jual-game-pc-cianjur,/blog/terbaik-jual-game-pc-cianjur,true,true,2,50,20.7
/terbaik-jual-game-pc-tegal,/blog/terbaik-jual-game-pc-tegal,true,true,2,34,20.68
/jasa-cetak-buku-aceh-besar,/blog/jasa-cetak-buku-aceh-besar,true,true,2,15,20.49
/rekomendasi-jual-game-pc-tasikmalaya,/blog/rekomendasi-jual-game-pc-tasikmalaya,true,true,2,52,20.31
/jasa-cetak-buku-denpasar,/blog/jasa-cetak-buku-denpasar,true,true,2,61,20.23
/no-1-jual-game-pc-tegal,/blog/no-1-jual-game-pc-tegal,true,true,2,29,20.2
/no-1-jual-game-pc-pekalongan,/blog/no-1-jual-game-pc-pekalongan,true,true,2,29,19.84
/terbaik-jual-game-pc-jakarta-pusat,/blog/terbaik-jual-game-pc-jakarta-pusat,true,true,2,42,19.61
/jasa-cetak-buku-aceh-barat,/blog/jasa-cetak-buku-aceh-barat,true,true,2,52,19.44
/terbaik-jual-game-pc-banyuwangi,/blog/terbaik-jual-game-pc-banyuwangi,true,true,2,39,19.38
/jasa-cetak-buku-pidie,/blog/jasa-cetak-buku-pidie,true,true,2,46,19.37
/rakit-pc-4-jutaan-2025-gerbang-menuju-gaming-1080p,/blog/rakit-pc-4-jutaan-2025-gerbang-menuju-gaming-1080p,true,true,2,516,19.27
/service-komputer-service-laptop-service-macbook,/blog/service-komputer-service-laptop-service-macbook,true,true,2,2089,19.1
/category/jasa-install,/blog/category/jasa-install,true,true,2,21,17.82
/harga-jasa-pembuatan-website-surabaya,/blog/harga-jasa-pembuatan-website-surabaya,true,true,2,1039,16.89
/design-jasa-pembuatan-website-surabaya,/blog/design-jasa-pembuatan-website-surabaya,true,true,2,986,16.8
/onlayn-kazinolar,/blog/onlayn-kazinolar,true,true,2,2,16.53
/jasa-cetak-buku-tebing-tinggi,/blog/jasa-cetak-buku-tebing-tinggi,true,true,2,39,16.2
/rekomendasi-jual-game-pc-pamekasan,/blog/rekomendasi-jual-game-pc-pamekasan,true,true,2,36,16.03
/jasa-instal-game-pes-2016-surabaya-murah,/blog/jasa-instal-game-pes-2016-surabaya-murah,true,true,2,266,15.56
/jasa-cetak-buku-balikpapan,/blog/jasa-cetak-buku-balikpapan,true,true,2,209,15.45
/jasa-install-adobe-illustrator-online-desain-vektor-profesional-tanpa-hambatan,/blog/jasa-install-adobe-illustrator-online-desain-vektor-profesional-tanpa-hambatan,true,true,2,185,15.39
/jasa-install-ulang-windows-xp-surabaya-panggilan,/blog/jasa-install-ulang-windows-xp-surabaya-panggilan,true,true,2,168,14.79
/list-jasa-install-game-jual-dvd-game-pc-jual-game-pc-laptop-ps3-ps4-xbox,/blog/list-jasa-install-game-jual-dvd-game-pc-jual-game-pc-laptop-ps3-ps4-xbox,true,true,2,152,14.62
/jasa-cetak-buku-alor,/blog/jasa-cetak-buku-alor,true,true,2,130,14.36
/jual-dvd-install-ulang-windows-xp-7-8-10-bonus-driver-pack-dan-software-surabaya,/blog/jual-dvd-install-ulang-windows-xp-7-8-10-bonus-driver-pack-dan-software-surabaya,true,true,2,101,13.95
/rekomendasi-jual-game-pc-tulungagung,/blog/rekomendasi-jual-game-pc-tulungagung,true,true,2,94,13.83
/jasa-instal-software-photoshop-cs5-cs6-cc-surabaya-sidoarjo,/blog/jasa-instal-software-photoshop-cs5-cs6-cc-surabaya-sidoarjo,true,true,2,75,12.47
/jasa-install-software-apotek-klinik-dan-praktek-dokter,/blog/jasa-install-software-apotek-klinik-dan-praktek-dokter,true,true,2,67,12.3
/jasa-pembuatan-website-sidoarjo,/blog/jasa-pembuatan-website-sidoarjo,true,true,2,19,10.55
/jasa-pembuatan-website-kotacom,/blog/jasa-pembuatan-website-kotacom,true,true,2,16,10.36
/jasa-cetak-buku-bau-bau,/blog/jasa-cetak-buku-bau-bau,true,true,1,295,23.96
/category/pinco,/blog/category/pinco,true,true,1,1,23.21
/jasa-cetak-buku-nabire,/blog/jasa-cetak-buku-nabire,true,true,1,169,22.66
/jasa-cetak-buku-malinau,/blog/jasa-cetak-buku-malinau,true,true,1,84,22.52
/jasa-cetak-buku-padangsidempuan,/blog/jasa-cetak-buku-padangsidempuan,true,true,1,23,22.5
/jasa-cetak-buku-manggarai,/blog/jasa-cetak-buku-manggarai,true,true,1,64,22.44
/jasa-cetak-buku-bulukumba,/blog/jasa-cetak-buku-bulukumba,true,true,1,166,21.82
/jasa-cetak-buku-dharmasraya,/blog/jasa-cetak-buku-dharmasraya,true,true,1,61,21.78
/jasa-cetak-buku-bengkulu,/blog/jasa-cetak-buku-bengkulu,true,true,1,41,21.69
/jasa-cetak-buku-kolaka-timur,/blog/jasa-cetak-buku-kolaka-timur,true,true,1,73,21.53
/cara-menyiapkan-file-siap-cetak-untuk-buku-anti-ditolak,/blog/cara-menyiapkan-file-siap-cetak-untuk-buku-anti-ditolak,true,true,1,182,21.29
/no-1-jual-game-pc-madiun,/blog/no-1-jual-game-pc-madiun,true,true,1,55,21.23
/jasa-cetak-buku-prabumulih,/blog/jasa-cetak-buku-prabumulih,true,true,1,52,21.22
/jasa-cetak-buku-simeulue,/blog/jasa-cetak-buku-simeulue,true,true,1,18,21.16
/jasa-cetak-buku-lanny-jaya,/blog/jasa-cetak-buku-lanny-jaya,true,true,1,5,21.12
/rekomendasi-jual-game-pc-bantul,/blog/rekomendasi-jual-game-pc-bantul,true,true,1,6,21.09
/jasa-cetak-buku-pinrang,/blog/jasa-cetak-buku-pinrang,true,true,1,80,20.94
/jasa-cetak-buku-puncak-jaya,/blog/jasa-cetak-buku-puncak-jaya,true,true,1,16,20.89
/jasa-cetak-buku-mempawah,/blog/jasa-cetak-buku-mempawah,true,true,1,77,20.84
/jasa-cetak-buku-sinjai,/blog/jasa-cetak-buku-sinjai,true,true,1,31,20.84
/jasa-cetak-buku-halmahera-selatan,/blog/jasa-cetak-buku-halmahera-selatan,true,true,1,10,20.71
/jasa-cetak-buku-gunungsitoli,/blog/jasa-cetak-buku-gunungsitoli,true,true,1,43,20.68
/jasa-cetak-buku-karimun,/blog/jasa-cetak-buku-karimun,true,true,1,90,20.49
/jasa-cetak-buku-tanjung-jabung-timur,/blog/jasa-cetak-buku-tanjung-jabung-timur,true,true,1,13,20.38
/jasa-cetak-buku-pangkal-pinang,/blog/jasa-cetak-buku-pangkal-pinang,true,true,1,71,20.24
/rekomendasi-jual-game-pc-bogor,/blog/rekomendasi-jual-game-pc-bogor,true,true,1,69,20.12
/jasa-cetak-buku-gorontalo,/blog/jasa-cetak-buku-gorontalo,true,true,1,92,20.08
/jasa-cetak-buku-lampung-tengah,/blog/jasa-cetak-buku-lampung-tengah,true,true,1,42,19.87
/jasa-cetak-buku-badung,/blog/jasa-cetak-buku-badung,true,true,1,15,19.81
/jasa-cetak-buku-sumba-barat-daya,/blog/jasa-cetak-buku-sumba-barat-daya,true,true,1,37,19.81
/rekomendasi-jual-game-pc-bojonegoro,/blog/rekomendasi-jual-game-pc-bojonegoro,true,true,1,34,19.66
/terbaik-jual-game-pc-wonogiri,/blog/terbaik-jual-game-pc-wonogiri,true,true,1,25,19.57
/jasa-cetak-buku-padang-pariaman,/blog/jasa-cetak-buku-padang-pariaman,true,true,1,25,19.54
/jasa-cetak-buku-luwu,/blog/jasa-cetak-buku-luwu,true,true,1,9,19.52
/tips-jitu-nego-harga-dengan-percetakan-biar-gak-kemahalan-1,/blog/tips-jitu-nego-harga-dengan-percetakan-biar-gak-kemahalan-1,true,true,1,7,19.51
/rekomendasi-jual-game-pc-pemalang,/blog/rekomendasi-jual-game-pc-pemalang,true,true,1,37,19.48
/jasa-cetak-buku-ogan-komering-ulu-timur,/blog/jasa-cetak-buku-ogan-komering-ulu-timur,true,true,1,4,19.45
/jasa-cetak-buku-ogan-komering-ilir,/blog/jasa-cetak-buku-ogan-komering-ilir,true,true,1,7,19.39
/jasa-cetak-buku-konawe-utara,/blog/jasa-cetak-buku-konawe-utara,true,true,1,5,19.04
/rekomendasi-jual-game-pc-blora,/blog/rekomendasi-jual-game-pc-blora,true,true,1,13,18.65
/panduan-lengkap-mudah-mengurus-isbn-online-untuk-penulis-mandiri,/blog/panduan-lengkap-mudah-mengurus-isbn-online-untuk-penulis-mandiri,true,true,1,64,18.4
/terbaik-jual-game-pc-surakarta,/blog/terbaik-jual-game-pc-surakarta,true,true,1,2,18.22
/jasa-cetak-buku-minahasa-selatan,/blog/jasa-cetak-buku-minahasa-selatan,true,true,1,7,18.13
/jasa-cetak-buku-belitung-timur,/blog/jasa-cetak-buku-belitung-timur,true,true,1,34,18.06
/jasa-cetak-buku-halmahera-timur,/blog/jasa-cetak-buku-halmahera-timur,true,true,1,13,17.79
/terbaik-jual-game-pc-brebes,/blog/terbaik-jual-game-pc-brebes,true,true,1,45,17.78
/jasa-cetak-buku-palangka-raya,/blog/jasa-cetak-buku-palangka-raya,true,true,1,35,17.52
/category/startup,/blog/category/startup,true,true,1,4,17.45
/vavada,/blog/vavada,true,true,1,2,17.42
/jasa-cetak-buku-langkat,/blog/jasa-cetak-buku-langkat,true,true,1,25,17.27
/jasa-cetak-buku-banyuasin,/blog/jasa-cetak-buku-banyuasin,true,true,1,37,17.17
/jasa-cetak-buku-lampung-selatan,/blog/jasa-cetak-buku-lampung-selatan,true,true,1,35,17
/rekomendasi-jual-game-pc-trenggalek,/blog/rekomendasi-jual-game-pc-trenggalek,true,true,1,10,16.55
/jasa-cetak-buku-sanggau,/blog/jasa-cetak-buku-sanggau,true,true,1,13,16.25
/jasa-cetak-buku-bombana,/blog/jasa-cetak-buku-bombana,true,true,1,22,16.21
/terbaik-jual-game-pc-sumedang,/blog/terbaik-jual-game-pc-sumedang,true,true,1,28,16.06
/rekomendasi-rakit-pc-untuk-anak-smp-terbaik-2025,/blog/rekomendasi-rakit-pc-untuk-anak-smp-terbaik-2025,true,true,1,73,16.04
/rekomendasi-rakit-pc-gaming-termurah,/blog/rekomendasi-rakit-pc-gaming-termurah,true,true,1,1278,15.84
/jasa-cetak-buku-kepahiang,/blog/jasa-cetak-buku-kepahiang,true,true,1,20,15.79
/jasa-cetak-buku-langsa,/blog/jasa-cetak-buku-langsa,true,true,1,6,15.62
/jasa-cetak-buku-tana-toraja,/blog/jasa-cetak-buku-tana-toraja,true,true,1,25,15.57
/jasa-cetak-buku-toraja-utara,/blog/jasa-cetak-buku-toraja-utara,true,true,1,565,15.43
/jasa-cetak-buku-sambas,/blog/jasa-cetak-buku-sambas,true,true,1,18,15.42
/jasa-cetak-buku-bangka-barat,/blog/jasa-cetak-buku-bangka-barat,true,true,1,527,15.31
/jasa-cetak-buku-tolitoli,/blog/jasa-cetak-buku-tolitoli,true,true,1,285,15.07
/berapa-biaya-cetak-buku-sendiri-panduan-lengkap-untuk-penulis-pemula,/blog/berapa-biaya-cetak-buku-sendiri-panduan-lengkap-untuk-penulis-pemula,true,true,1,25,15.06
/jasa-cetak-buku-aceh-jaya,/blog/jasa-cetak-buku-aceh-jaya,true,true,1,7,14.93
/jasa-cetak-buku-aceh-singkil,/blog/jasa-cetak-buku-aceh-singkil,true,true,1,420,14.92
/berapa-biaya-cetak-buku-sendiri-ini-rincian-simulasinya,/blog/berapa-biaya-cetak-buku-sendiri-ini-rincian-simulasinya,true,true,1,174,14.71
/jasa-servis-pc-surabaya-melayani-panggilan-100-bergaransi,/blog/jasa-servis-pc-surabaya-melayani-panggilan-100-bergaransi,true,true,1,364,14.67
/jasa-cetak-buku-morowali,/blog/jasa-cetak-buku-morowali,true,true,1,348,14.59
/jasa-unbk-rakit-komputer-seting-dan-instalasi-unbk,/blog/jasa-unbk-rakit-komputer-seting-dan-instalasi-unbk,true,true,1,324,14.47
/pasang-gps-tracker-surabaya,/blog/pasang-gps-tracker-surabaya,true,true,1,280,14.22
/jasa-cetak-buku-bone,/blog/jasa-cetak-buku-bone,true,true,1,25,14.16
/jasa-install-pes-2021-efootball-sharing-account,/blog/jasa-install-pes-2021-efootball-sharing-account,true,true,1,267,14.14
/jasa-cetak-buku-sigi,/blog/jasa-cetak-buku-sigi,true,true,1,255,14.06
/pasang-ac-sidoarjo-profesional-bergaransi,/blog/pasang-ac-sidoarjo-profesional-bergaransi,true,true,1,442,14.01
/rekomendasi-jual-game-pc-ciamis,/blog/rekomendasi-jual-game-pc-ciamis,true,true,1,11,13.49
/download,/blog/download,true,true,1,178,13.45
/jasa-cetak-buku-sukamara,/blog/jasa-cetak-buku-sukamara,true,true,1,10,13.35
/jasa-cetak-buku-padang,/blog/jasa-cetak-buku-padang,true,true,1,154,13.2
/jasa-install-aplikasi-windows-macbook,/blog/jasa-install-aplikasi-windows-macbook,true,true,1,114,13.02
/jasa-install-ulang-windows-surabaya-7-8-10-xp-server,/blog/jasa-install-ulang-windows-surabaya-7-8-10-xp-server,true,true,1,193,12.59
/jasa-cetak-buku-kepulauan-mentawai,/blog/jasa-cetak-buku-kepulauan-mentawai,true,true,1,105,12.56
/jasa-cetak-buku-kotawaringin-timur,/blog/jasa-cetak-buku-kotawaringin-timur,true,true,1,84,12.19
/stop-pusing-ini-solusi-jasa-install-software-online-anti-gagal-windows-mac,/blog/stop-pusing-ini-solusi-jasa-install-software-online-anti-gagal-windows-mac,true,true,1,78,12.06
/terbaik-jual-game-pc-sleman,/blog/terbaik-jual-game-pc-sleman,true,true,1,60,11.63
/jual-flashdisk-multiboot-install-ulang-bonus-driverpack-software-16gb-32gb-windows-7-8-8-1-10-32bit-dan-64bit-all-in-one-bonus-driverpack,/blog/jual-flashdisk-multiboot-install-ulang-bonus-driverpack-software-16gb-32gb-windows-7-8-8-1-10-32bit-dan-64bit-all-in-one-bonus-driverpack,true,true,1,46,11.21
/jasa-cetak-buku-kepulauan-yapen,/blog/jasa-cetak-buku-kepulauan-yapen,true,true,1,45,11.17
/409107-2,/blog/409107-2,true,true,1,4,10.45
/jasa-cetak-buku-karo,/blog/jasa-cetak-buku-karo,true,true,1,27,10.38
/category/jasa-it-support,/blog/category/jasa-it-support,true,true,1,44,10.13
/jasa-cetak-buku-donggala,/blog/jasa-cetak-buku-donggala,true,true,1,21,10.02
/terbaik-jual-game-pc-tuban,/blog/terbaik-jual-game-pc-tuban,true,true,1,14,9.9
/jasa-cetak-buku-solok,/blog/jasa-cetak-buku-solok,true,true,1,15,9.62
/jasa-cetak-buku-pesisir-barat,/blog/jasa-cetak-buku-pesisir-barat,true,true,1,8,9.45
/jasa-cetak-buku-merangin,/blog/jasa-cetak-buku-merangin,true,true,1,28,9.44
/category/developer-community,/blog/category/developer-community,true,true,1,26,9.33
/category/saas,/blog/category/saas,true,true,1,7,8.76
/category/print-on-demand,/blog/category/print-on-demand,true,true,1,4,8.45
/experience-gaming-bliss-with-premium-chairs-crafted-for-total-comfort,/blog/experience-gaming-bliss-with-premium-chairs-crafted-for-total-comfort,true,true,1,3,7.48
/contact,/blog/contact,true,true,0,57,21.47
/jasa-cetak-buku-sumbawa-barat,/blog/jasa-cetak-buku-sumbawa-barat,true,true,0,270,21.36
/jasa-cetak-buku-pasangkayu,/blog/jasa-cetak-buku-pasangkayu,true,true,0,84,20.77
/5-ide-finishing-cover-buku-yang-bikin-pembaca-jatuh-cinta-pada-pandangan-pertama,/blog/5-ide-finishing-cover-buku-yang-bikin-pembaca-jatuh-cinta-pada-pandangan-pertama,true,true,0,184,20.45
/jasa-cetak-buku-muara-enim,/blog/jasa-cetak-buku-muara-enim,true,true,0,106,20.43
/jasa-cetak-buku-bitung,/blog/jasa-cetak-buku-bitung,true,true,0,103,20.17
/about,/blog/about,true,true,0,135,20.01
/jasa-cetak-buku-keerom,/blog/jasa-cetak-buku-keerom,true,true,0,19,20.01
/jasa-cetak-buku-enrekang,/blog/jasa-cetak-buku-enrekang,true,true,0,60,19.91
/jasa-cetak-buku-karangasem,/blog/jasa-cetak-buku-karangasem,true,true,0,197,19.78
/jasa-cetak-buku-singkawang,/blog/jasa-cetak-buku-singkawang,true,true,0,98,19.71
/terbaik-rakit-pc-4-jutaan-terbaik-2025-1,/blog/terbaik-rakit-pc-4-jutaan-terbaik-2025-1,true,true,0,10,19.33
/jasa-cetak-buku-teluk-wondama,/blog/jasa-cetak-buku-teluk-wondama,true,true,0,12,19.12
/jasa-cetak-buku-lombok-timur,/blog/jasa-cetak-buku-lombok-timur,true,true,0,72,19.1
/jasa-cetak-buku-sarmi,/blog/jasa-cetak-buku-sarmi,true,true,0,16,19.07
/portfolio,/blog/portfolio,true,true,0,47,19.03
/jasa-cetak-buku-kepulauan-siau-tagulandang-biaro,/blog/jasa-cetak-buku-kepulauan-siau-tagulandang-biaro,true,true,0,16,18.97
/jasa-cetak-buku-mahakam-ulu,/blog/jasa-cetak-buku-mahakam-ulu,true,true,0,12,18.92
/jasa-cetak-buku-bengkayang,/blog/jasa-cetak-buku-bengkayang,true,true,0,35,18.91
/jasa-cetak-buku-majene,/blog/jasa-cetak-buku-majene,true,true,0,43,18.9
/jasa-cetak-buku-fakfak,/blog/jasa-cetak-buku-fakfak,true,true,0,93,18.79
/jasa-cetak-buku-kepulauan-anambas,/blog/jasa-cetak-buku-kepulauan-anambas,true,true,0,34,18.75
/jasa-cetak-buku-ogan-komering-ulu-selatan,/blog/jasa-cetak-buku-ogan-komering-ulu-selatan,true,true,0,14,18.73
/jasa-cetak-buku-maros,/blog/jasa-cetak-buku-maros,true,true,0,52,18.71
/jasa-cetak-buku-pasaman-barat,/blog/jasa-cetak-buku-pasaman-barat,true,true,0,53,18.68
/jasa-cetak-buku-penajam-paser-utara,/blog/jasa-cetak-buku-penajam-paser-utara,true,true,0,50,18.65
/jasa-cetak-buku-lombok-tengah,/blog/jasa-cetak-buku-lombok-tengah,true,true,0,64,18.6
/features,/blog/features,true,true,0,13,18.51
/jasa-cetak-buku-nias-barat,/blog/jasa-cetak-buku-nias-barat,true,true,0,13,18.51
/jasa-cetak-buku-intan-jaya,/blog/jasa-cetak-buku-intan-jaya,true,true,0,105,18.48
/about-us,/blog/about-us,true,true,0,79,18.35
/jasa-cetak-buku-deli-serdang,/blog/jasa-cetak-buku-deli-serdang,true,true,0,46,18.35
/jasa-cetak-buku-pakpak-bharat,/blog/jasa-cetak-buku-pakpak-bharat,true,true,0,5,18.35
/jasa-cetak-buku-gowa,/blog/jasa-cetak-buku-gowa,true,true,0,52,18.33
/jasa-cetak-buku-kaimana,/blog/jasa-cetak-buku-kaimana,true,true,0,14,18.33
/jasa-cetak-buku-luwu-utara,/blog/jasa-cetak-buku-luwu-utara,true,true,0,9,18.33
/jasa-cetak-buku-bone-bolango,/blog/jasa-cetak-buku-bone-bolango,true,true,0,13,18.32
/jasa-cetak-buku-mesuji,/blog/jasa-cetak-buku-mesuji,true,true,0,25,18.31
/jasa-cetak-buku-sintang,/blog/jasa-cetak-buku-sintang,true,true,0,75,18.27
/jasa-cetak-buku-aceh-utara,/blog/jasa-cetak-buku-aceh-utara,true,true,0,21,18.26
/jasa-cetak-buku-berau,/blog/jasa-cetak-buku-berau,true,true,0,150,18.2
/jasa-cetak-buku-padang-lawas-utara,/blog/jasa-cetak-buku-padang-lawas-utara,true,true,0,5,18.19
/jasa-cetak-buku-rokan-hilir,/blog/jasa-cetak-buku-rokan-hilir,true,true,0,17,18.16
/jasa-cetak-buku-sorong-selatan,/blog/jasa-cetak-buku-sorong-selatan,true,true,0,68,18.12
/privacy,/blog/privacy,true,true,0,6,18.11
/jasa-cetak-buku-soppeng,/blog/jasa-cetak-buku-soppeng,true,true,0,21,18.1
/jasa-cetak-buku-gunung-mas,/blog/jasa-cetak-buku-gunung-mas,true,true,0,166,18.08
/jasa-cetak-buku-bengkulu-tengah,/blog/jasa-cetak-buku-bengkulu-tengah,true,true,0,164,18.07
/no-1-jual-game-pc-demak,/blog/no-1-jual-game-pc-demak,true,true,0,14,18.05
/jasa-cetak-buku-bintan,/blog/jasa-cetak-buku-bintan,true,true,0,14,17.99
/jasa-cetak-buku-aceh-timur,/blog/jasa-cetak-buku-aceh-timur,true,true,0,7,17.98
/jasa-cetak-buku-tapanuli-tengah,/blog/jasa-cetak-buku-tapanuli-tengah,true,true,0,17,17.93
/jasa-cetak-buku-kapuas-hulu,/blog/jasa-cetak-buku-kapuas-hulu,true,true,0,16,17.92
/jasa-cetak-buku-banjarbaru,/blog/jasa-cetak-buku-banjarbaru,true,true,0,86,17.88
/jasa-cetak-buku-natuna,/blog/jasa-cetak-buku-natuna,true,true,0,28,17.88
/jasa-cetak-buku-boven-digoel,/blog/jasa-cetak-buku-boven-digoel,true,true,0,7,17.87
/jasa-cetak-buku-ogan-ilir,/blog/jasa-cetak-buku-ogan-ilir,true,true,0,15,17.87
/terbaik-jual-game-pc-serang,/blog/terbaik-jual-game-pc-serang,true,true,0,5,17.87
/jasa-cetak-buku-kepulauan-meranti,/blog/jasa-cetak-buku-kepulauan-meranti,true,true,0,72,17.85
/jasa-cetak-buku-muaro-jambi,/blog/jasa-cetak-buku-muaro-jambi,true,true,0,30,17.82
/jasa-cetak-buku-belitung,/blog/jasa-cetak-buku-belitung,true,true,0,7,17.76
/jasa-cetak-buku-timor-tengah-selatan,/blog/jasa-cetak-buku-timor-tengah-selatan,true,true,0,8,17.72
/jasa-cetak-buku-barru,/blog/jasa-cetak-buku-barru,true,true,0,53,17.67
/jasa-cetak-buku-serdang-bedagai,/blog/jasa-cetak-buku-serdang-bedagai,true,true,0,27,17.66
/jasa-cetak-buku-kepulauan-selayar,/blog/jasa-cetak-buku-kepulauan-selayar,true,true,0,25,17.64
/jasa-cetak-buku-indragiri-hulu,/blog/jasa-cetak-buku-indragiri-hulu,true,true,0,7,17.53
/jasa-cetak-buku-lamandau,/blog/jasa-cetak-buku-lamandau,true,true,0,19,17.53
/jasa-cetak-buku-bolaang-mongondow-timur,/blog/jasa-cetak-buku-bolaang-mongondow-timur,true,true,0,13,17.52
/jasa-cetak-buku-pekanbaru,/blog/jasa-cetak-buku-pekanbaru,true,true,0,82,17.46
/jasa-cetak-buku-buol,/blog/jasa-cetak-buku-buol,true,true,0,17,17.41
/jasa-cetak-buku-penukal-abab-lematang-ilir,/blog/jasa-cetak-buku-penukal-abab-lematang-ilir,true,true,0,10,17.41
/7-kesalahan-fatal-saat-memilih-jasa-percetakan-buku-online,/blog/7-kesalahan-fatal-saat-memilih-jasa-percetakan-buku-online,true,true,0,31,17.39
/jasa-cetak-buku-barito-utara,/blog/jasa-cetak-buku-barito-utara,true,true,0,10,17.25
/jasa-cetak-buku-kubu-raya,/blog/jasa-cetak-buku-kubu-raya,true,true,0,38,17.2
/terbaik-jual-game-pc-bangkalan,/blog/terbaik-jual-game-pc-bangkalan,true,true,0,7,17.18
/jasa-cetak-buku-rejang-lebong,/blog/jasa-cetak-buku-rejang-lebong,true,true,0,25,17.16
/jasa-cetak-buku-kolaka-utara,/blog/jasa-cetak-buku-kolaka-utara,true,true,0,97,17.15
/jasa-cetak-buku-kotawaringin-barat,/blog/jasa-cetak-buku-kotawaringin-barat,true,true,0,15,17.07
/jasa-cetak-buku-lampung-timur,/blog/jasa-cetak-buku-lampung-timur,true,true,0,52,17.07
/jasa-cetak-buku-luwu-timur,/blog/jasa-cetak-buku-luwu-timur,true,true,0,7,17.07
/jasa-cetak-buku-lembata,/blog/jasa-cetak-buku-lembata,true,true,0,23,17.06
/jasa-cetak-buku-sijunjung,/blog/jasa-cetak-buku-sijunjung,true,true,0,11,16.95
/jasa-cetak-buku-padang-lawas,/blog/jasa-cetak-buku-padang-lawas,true,true,0,20,16.93
/jasa-cetak-buku-hulu-sungai-utara,/blog/jasa-cetak-buku-hulu-sungai-utara,true,true,0,2,16.91
/jasa-cetak-buku-tanggamus,/blog/jasa-cetak-buku-tanggamus,true,true,0,15,16.91
/jasa-cetak-buku-flores-timur,/blog/jasa-cetak-buku-flores-timur,true,true,0,11,16.88
/jasa-cetak-buku-sawahlunto,/blog/jasa-cetak-buku-sawahlunto,true,true,0,8,16.82
/home,/blog/home,true,true,0,43,16.78
/jasa-cetak-buku-gayo-lues,/blog/jasa-cetak-buku-gayo-lues,true,true,0,16,16.72
/blog,/blog/blog,true,true,0,14,16.7
/terbaik-jual-game-pc-blitar,/blog/terbaik-jual-game-pc-blitar,true,true,0,16,16.67
/jasa-cetak-buku-bangli,/blog/jasa-cetak-buku-bangli,true,true,0,41,16.66
/jasa-cetak-buku-poso,/blog/jasa-cetak-buku-poso,true,true,0,6,16.65
/softcover-vs-hardcover-mana-jenis-jilid-terbaik-untuk-buku-anda,/blog/softcover-vs-hardcover-mana-jenis-jilid-terbaik-untuk-buku-anda,true,true,0,96,16.61
/jasa-cetak-buku-bengkalis,/blog/jasa-cetak-buku-bengkalis,true,true,0,22,16.56
/category/web-developer-terdekat,/blog/category/web-developer-terdekat,true,true,0,2,16.51
/jasa-cetak-buku-pangkajene-dan-kepulauan,/blog/jasa-cetak-buku-pangkajene-dan-kepulauan,true,true,0,6,16.51
/jasa-cetak-buku-seluma,/blog/jasa-cetak-buku-seluma,true,true,0,2,16.51
/jasa-cetak-buku-bangka-tengah,/blog/jasa-cetak-buku-bangka-tengah,true,true,0,4,16.4
/category/intro,/blog/category/intro,true,true,0,6,16.38
/jasa-cetak-buku-banjar,/blog/jasa-cetak-buku-banjar,true,true,0,34,16.33
/jasa-cetak-buku-minahasa-utara,/blog/jasa-cetak-buku-minahasa-utara,true,true,0,14,16.33
/jasa-cetak-buku-binjai,/blog/jasa-cetak-buku-binjai,true,true,0,5,16.27
/jasa-cetak-buku-kotamobagu,/blog/jasa-cetak-buku-kotamobagu,true,true,0,5,16.27
/rekomendasi-jual-game-pc-rembang,/blog/rekomendasi-jual-game-pc-rembang,true,true,0,6,16.25
/jasa-cetak-buku-yalimo,/blog/jasa-cetak-buku-yalimo,true,true,0,3,16.21
/jasa-cetak-buku-mamasa,/blog/jasa-cetak-buku-mamasa,true,true,0,4,16.2
/jasa-cetak-buku-subulussalam,/blog/jasa-cetak-buku-subulussalam,true,true,0,4,16.2
/jasa-cetak-buku-manggarai-timur,/blog/jasa-cetak-buku-manggarai-timur,true,true,0,15,16.16
/jasa-cetak-buku-kepulauan-tanimbar,/blog/jasa-cetak-buku-kepulauan-tanimbar,true,true,0,17,16.14
/category/technical-support-24jam,/blog/category/technical-support-24jam,true,true,0,2,16.11
/jasa-cetak-buku-takalar,/blog/jasa-cetak-buku-takalar,true,true,0,48,16.08
/pricing-2,/blog/pricing-2,true,true,0,8,16.02
/jasa-pasang-cctv-surabaya-murah-profesional,/blog/jasa-pasang-cctv-surabaya-murah-profesional,true,true,0,5636,16
/mobile-gaming-with-lucky-hills-in-australia-3,/blog/mobile-gaming-with-lucky-hills-in-australia-3,true,true,0,4,16
/rekomendasi-jual-game-pc-temanggung,/blog/rekomendasi-jual-game-pc-temanggung,true,true,0,4,16
/home-2,/blog/home-2,true,true,0,24,15.99
/jasa-cetak-buku-tulang-bawang-barat,/blog/jasa-cetak-buku-tulang-bawang-barat,true,true,0,12,15.99
/jasa-cetak-buku-pasaman,/blog/jasa-cetak-buku-pasaman,true,true,0,28,15.96
/jasa-cetak-buku-sibolga,/blog/jasa-cetak-buku-sibolga,true,true,0,45,15.95
/category/rakit-pc/page/2,/blog/category/rakit-pc,true,true,0,3,15.94
/jasa-cetak-buku-parepare,/blog/jasa-cetak-buku-parepare,true,true,0,34,15.93
/category/troubleshooting,/blog/category/troubleshooting,true,true,0,13,15.92
/tips-jitu-nego-harga-dengan-percetakan-biar-gak-kemahalan,/blog/tips-jitu-nego-harga-dengan-percetakan-biar-gak-kemahalan,true,true,0,42,15.91
/backup-recovery-surabaya-2025,/blog/backup-recovery-surabaya-2025,true,true,0,10,15.81
/rekomendasi-jual-game-pc-probolinggo,/blog/rekomendasi-jual-game-pc-probolinggo,true,true,0,1,15.8
/terbaik-jual-game-pc-pekalongan,/blog/terbaik-jual-game-pc-pekalongan,true,true,0,1,15.8
/jasa-cetak-buku-lahat,/blog/jasa-cetak-buku-lahat,true,true,0,20,15.73
/panduan-lengkap-cara-mengurus-isbn-online-untuk-penulis-mandiri,/blog/panduan-lengkap-cara-mengurus-isbn-online-untuk-penulis-mandiri,true,true,0,40,15.73
/jasa-cetak-buku-tanjung-jabung-barat,/blog/jasa-cetak-buku-tanjung-jabung-barat,true,true,0,2,15.71
/jasa-cetak-buku-bungo,/blog/jasa-cetak-buku-bungo,true,true,0,22,15.68
/terbaik-jual-game-pc-mojokerto,/blog/terbaik-jual-game-pc-mojokerto,true,true,0,9,15.67
/rekomendasi-jual-game-pc-lamongan,/blog/rekomendasi-jual-game-pc-lamongan,true,true,0,6,15.58
/jasa-cetak-buku-padangpanjang,/blog/jasa-cetak-buku-padangpanjang,true,true,0,23,15.56
/category/digitalisasi,/blog/category/digitalisasi,true,true,0,11,15.5
/jasa-cetak-buku-seram-bagian-barat,/blog/jasa-cetak-buku-seram-bagian-barat,true,true,0,11,15.5
/jasa-cetak-buku-bener-meriah,/blog/jasa-cetak-buku-bener-meriah,true,true,0,9,15.49
/jasa-cetak-buku-malaka,/blog/jasa-cetak-buku-malaka,true,true,0,29,15.49
/jasa-cetak-buku-lingga,/blog/jasa-cetak-buku-lingga,true,true,0,7,15.47
/digital-product,/blog/digital-product,true,true,0,6,15.45
/jasa-cetak-buku-kerinci,/blog/jasa-cetak-buku-kerinci,true,true,0,3,15.41
/jasa-cetak-buku-muna-barat,/blog/jasa-cetak-buku-muna-barat,true,true,0,4,15.4
/category/pcwindows,/blog/category/pcwindows,true,true,0,8,15.32
/jasa-cetak-buku-banggai,/blog/jasa-cetak-buku-banggai,true,true,0,2,15.31
/jasa-cetak-buku-melawi,/blog/jasa-cetak-buku-melawi,true,true,0,6,15.18
/jasa-cetak-buku-mamberamo-tengah,/blog/jasa-cetak-buku-mamberamo-tengah,true,true,0,3,15.14
/jasa-cetak-buku-bengkulu-selatan,/blog/jasa-cetak-buku-bengkulu-selatan,true,true,0,104,15.13
/category/uncategorized,/blog/category/uncategorized,true,true,0,6,15.05
/no-1-jual-game-pc-tangerang,/blog/no-1-jual-game-pc-tangerang,true,true,0,6,15.05
/jasa-cetak-buku-buton-tengah,/blog/jasa-cetak-buku-buton-tengah,true,true,0,7,15.01
/jasa-cetak-buku-wajo,/blog/jasa-cetak-buku-wajo,true,true,0,7,15.01
/category/macbook/install-ulang-macbook,/blog/category/macbook,true,true,0,1,15
/enhance-your-gaming-experience-with-cutting-edge-accessories,/blog/enhance-your-gaming-experience-with-cutting-edge-accessories,true,true,0,1,15
/jasa-cetak-buku-ketapang,/blog/jasa-cetak-buku-ketapang,true,true,0,4,15
/jasa-cetak-buku-labuhanbatu-selatan,/blog/jasa-cetak-buku-labuhanbatu-selatan,true,true,0,4,15
/jasa-cetak-buku-labuhanbatu-utara,/blog/jasa-cetak-buku-labuhanbatu-utara,true,true,0,1,15
/jasa-cetak-buku-muna,/blog/jasa-cetak-buku-muna,true,true,0,1,15
/jasa-cetak-buku-pegunungan-arfak,/blog/jasa-cetak-buku-pegunungan-arfak,true,true,0,1,15
/jasa-cetak-buku-tana-tidung,/blog/jasa-cetak-buku-tana-tidung,true,true,0,1,15
/rekomendasi-jual-game-pc-gresik,/blog/rekomendasi-jual-game-pc-gresik,true,true,0,4,15
/jasa-cetak-buku-lebong,/blog/jasa-cetak-buku-lebong,true,true,0,9,14.96
/jasa-cetak-buku-aceh-tenggara,/blog/jasa-cetak-buku-aceh-tenggara,true,true,0,7,14.78
/rekomendasi-jual-game-pc-kendal,/blog/rekomendasi-jual-game-pc-kendal,true,true,0,6,14.78
/jasa-cetak-buku-tapin,/blog/jasa-cetak-buku-tapin,true,true,0,23,14.73
/jasa-cetak-buku-buru-selatan,/blog/jasa-cetak-buku-buru-selatan,true,true,0,5,14.67
/jasa-cetak-buku-asmat,/blog/jasa-cetak-buku-asmat,true,true,0,3,14.61
/no-1-jual-game-pc-sukoharjo,/blog/no-1-jual-game-pc-sukoharjo,true,true,0,4,14.6
/jasa-cetak-buku-aceh-barat-daya,/blog/jasa-cetak-buku-aceh-barat-daya,true,true,0,6,14.51
/jasa-cetak-buku-sumbawa,/blog/jasa-cetak-buku-sumbawa,true,true,0,13,14.51
/category/surabaya,/blog/category/surabaya,true,true,0,23,14.45
/terbaik-jual-game-pc-wonosobo,/blog/terbaik-jual-game-pc-wonosobo,true,true,0,7,14.44
/jasa-cetak-buku-manokwari,/blog/jasa-cetak-buku-manokwari,true,true,0,228,14.43
/rekomendasi-jual-game-pc-banjarnegara,/blog/rekomendasi-jual-game-pc-banjarnegara,true,true,0,4,14.4
/jasa-cetak-buku-lima-puluh-kota,/blog/jasa-cetak-buku-lima-puluh-kota,true,true,0,14,14.39
/panduan-lengkap-jenis-jilid-buku-pilih-yang-tepat-agar-buku-tahan-lama,/blog/panduan-lengkap-jenis-jilid-buku-pilih-yang-tepat-agar-buku-tahan-lama,true,true,0,176,14.36
/category/blog,/blog/category/blog,true,true,0,3,14.34
/jasa-cetak-buku-kampar,/blog/jasa-cetak-buku-kampar,true,true,0,39,14.34
/jasa-cetak-buku-rote-ndao,/blog/jasa-cetak-buku-rote-ndao,true,true,0,7,14.33
/category/jasa-root-android,/blog/category/jasa-root-android,true,true,0,15,14.3
/rekomendasi-jual-game-pc-pangandaran,/blog/rekomendasi-jual-game-pc-pangandaran,true,true,0,32,14.3
/wasender-pro,/blog/wasender-pro,true,true,0,7,14.21
/category/uncategorized-id,/blog/category/uncategorized-id,true,true,0,1,14.2
/md-test,/blog/md-test,true,true,0,4,14.2
/jasa-cetak-buku-barito-kuala,/blog/jasa-cetak-buku-barito-kuala,true,true,0,5,14.19
/terbaik-jual-game-pc-bandung,/blog/terbaik-jual-game-pc-bandung,true,true,0,2,14.11
/jasa-cetak-buku-maybrat,/blog/jasa-cetak-buku-maybrat,true,true,0,373,13.96
/jasa-cetak-buku-sumba-barat,/blog/jasa-cetak-buku-sumba-barat,true,true,0,6,13.85
/category/online-shop,/blog/category/online-shop,true,true,0,34,13.67
/jasa-cetak-buku-toba-samosir,/blog/jasa-cetak-buku-toba-samosir,true,true,0,9,13.62
/jasa-cetak-buku-metro,/blog/jasa-cetak-buku-metro,true,true,0,68,13.57
/jasa-cetak-buku-buton-selatan,/blog/jasa-cetak-buku-buton-selatan,true,true,0,3,13.54
/jasa-cetak-buku-banggai-kepulauan,/blog/jasa-cetak-buku-banggai-kepulauan,true,true,0,14,13.53
/jasa-cetak-buku-aceh-tamiang,/blog/jasa-cetak-buku-aceh-tamiang,true,true,0,23,13.44
/jasa-cetak-buku-nias-utara,/blog/jasa-cetak-buku-nias-utara,true,true,0,7,13.41
/elevate-your-living-space-with-our-smart-home-collection,/blog/elevate-your-living-space-with-our-smart-home-collection,true,true,0,1,13.4
/jasa-cetak-buku-mamuju-tengah,/blog/jasa-cetak-buku-mamuju-tengah,true,true,0,1,13.4
/jasa-cetak-buku-tambrauw,/blog/jasa-cetak-buku-tambrauw,true,true,0,1,13.4
/category/jual-dvd-game/page/2,/blog/category/jual-dvd-game,true,true,0,5,13.39
/jasa-cetak-buku-musi-rawas-utara,/blog/jasa-cetak-buku-musi-rawas-utara,true,true,0,700,13.38
/jasa-install-software-restoran-rumah-makan-original,/blog/jasa-install-software-restoran-rumah-makan-original,true,true,0,694,13.37
/category/freelance,/blog/category/freelance,true,true,0,2,13.31
/jasa-cetak-buku-gorontalo-utara,/blog/jasa-cetak-buku-gorontalo-utara,true,true,0,6,13.31
/terbaik-jual-game-pc-batu,/blog/terbaik-jual-game-pc-batu,true,true,0,2,13.31
/jasa-cetak-buku-indragiri-hilir,/blog/jasa-cetak-buku-indragiri-hilir,true,true,0,3,13.27
/shop-2,/blog/shop-2,true,true,0,8,13.22
/jasa-cetak-buku-pidie-jaya,/blog/jasa-cetak-buku-pidie-jaya,true,true,0,7,13.07
/category/game/page/13,/blog/category/game,true,true,0,4,13
/jasa-cetak-buku-parigi-moutong,/blog/jasa-cetak-buku-parigi-moutong,true,true,0,129,13
/jasa-install-game-gta-v-surabaya,/blog/jasa-install-game-gta-v-surabaya,true,true,0,2,12.91
/jasa-cetak-buku-nias-selatan,/blog/jasa-cetak-buku-nias-selatan,true,true,0,17,12.89
/jasa-cetak-buku-timor-tengah-utara,/blog/jasa-cetak-buku-timor-tengah-utara,true,true,0,511,12.84
/jasa-cetak-buku-paser,/blog/jasa-cetak-buku-paser,true,true,0,69,12.82
/jasa-cetak-buku-bukittinggi,/blog/jasa-cetak-buku-bukittinggi,true,true,0,4,12.8
/category/crazy-time,/blog/category/crazy-time,true,true,0,1,12.6
/category/game/page/4,/blog/category/game,true,true,0,1,12.6
/terbaik-jual-game-pc-magelang,/blog/terbaik-jual-game-pc-magelang,true,true,0,1,12.6
/terbaik-jual-game-pc-pati,/blog/terbaik-jual-game-pc-pati,true,true,0,1,12.6
/update-2024-rincian-estimasi-biaya-cetak-buku-satuan-di-surabaya,/blog/update-2024-rincian-estimasi-biaya-cetak-buku-satuan-di-surabaya,true,true,0,3,12.47
/casibom-guncel-giris-baglantilarinda-sik-yapilan-hatalar,/blog/casibom-guncel-giris-baglantilarinda-sik-yapilan-hatalar,true,true,0,11,12.3
/jasa-cetak-buku-morowali-utara,/blog/jasa-cetak-buku-morowali-utara,true,true,0,375,12.3
/jasa-cetak-buku-humbang-hasundutan,/blog/jasa-cetak-buku-humbang-hasundutan,true,true,0,16,12.27
/jasa-cetak-buku-ogan-komering-ulu,/blog/jasa-cetak-buku-ogan-komering-ulu,true,true,0,359,12.23
/jasa-cetak-buku-raja-ampat,/blog/jasa-cetak-buku-raja-ampat,true,true,0,8,12.22
/rekomendasi-jual-game-pc-kuningan,/blog/rekomendasi-jual-game-pc-kuningan,true,true,0,74,12.18
/jasa-cetak-buku-mamuju,/blog/jasa-cetak-buku-mamuju,true,true,0,21,12.12
/e-kalutere-empeiria-se-axiopiste-platphorma,/blog/e-kalutere-empeiria-se-axiopiste-platphorma,true,true,0,2,12.11
/jasa-cetak-buku-konawe-kepulauan,/blog/jasa-cetak-buku-konawe-kepulauan,true,true,0,189,12.07
/jasa-cetak-buku-nunukan,/blog/jasa-cetak-buku-nunukan,true,true,0,60,12.03
/jasa-cetak-buku-rokan-hulu,/blog/jasa-cetak-buku-rokan-hulu,true,true,0,297,11.9
/jasa-cetak-buku-paniai,/blog/jasa-cetak-buku-paniai,true,true,0,14,11.88
/support-faq,/blog/support-faq,true,true,0,14,11.88
/category/firewall,/blog/category/firewall,true,true,0,11,11.86
/category/efisiensi-waktu,/blog/category/efisiensi-waktu,true,true,0,1,11.8
/category/maribet-casino-tr,/blog/category/maribet-casino-tr,true,true,0,1,11.8
/rekomendasi-jual-game-pc-karanganyar,/blog/rekomendasi-jual-game-pc-karanganyar,true,true,0,1,11.8
/rekomendasi-jual-game-pc-pasuruan,/blog/rekomendasi-jual-game-pc-pasuruan,true,true,0,1,11.8
/the-simplifying-your-shopping-experience-for-ease-and-efficiency,/blog/the-simplifying-your-shopping-experience-for-ease-and-efficiency,true,true,0,1,11.8
/jasa-cetak-buku-halmahera-tengah,/blog/jasa-cetak-buku-halmahera-tengah,true,true,0,172,11.75
/jasa-cetak-buku-tojo-una-una,/blog/jasa-cetak-buku-tojo-una-una,true,true,0,6,11.71
/__trashed-2,/blog/__trashed-2,true,true,0,3,11.67
/jasa-cetak-buku-samosir,/blog/jasa-cetak-buku-samosir,true,true,0,261,11.67
/jasa-cetak-buku-pegunungan-bintang,/blog/jasa-cetak-buku-pegunungan-bintang,true,true,0,11,11.64
/jasa-cetak-buku-manggarai-barat,/blog/jasa-cetak-buku-manggarai-barat,true,true,0,250,11.6
/jasa-cetak-buku-pesisir-selatan,/blog/jasa-cetak-buku-pesisir-selatan,true,true,0,240,11.53
/jasa-cetak-buku-yahukimo,/blog/jasa-cetak-buku-yahukimo,true,true,0,235,11.49
/remote-home-management-apps-control-of-your-space-anywhere,/blog/remote-home-management-apps-control-of-your-space-anywhere,true,true,0,5,11.47
/jasa-cetak-buku-sabang,/blog/jasa-cetak-buku-sabang,true,true,0,220,11.38
/jasa-cetak-buku-hulu-sungai-tengah,/blog/jasa-cetak-buku-hulu-sungai-tengah,true,true,0,2,11.31
/jasa-install-football-manager-2016-update-2017-full-update-surabaya,/blog/jasa-install-football-manager-2016-update-2017-full-update-surabaya,true,true,0,2,11.31
/jasa-cetak-buku-kotabaru,/blog/jasa-cetak-buku-kotabaru,true,true,0,24,11.26
/jasa-cetak-buku-teluk-bintuni,/blog/jasa-cetak-buku-teluk-bintuni,true,true,0,204,11.25
/jasa-cetak-buku-lombok-utara,/blog/jasa-cetak-buku-lombok-utara,true,true,0,11,11.21
/jasa-cetak-buku-pohuwato,/blog/jasa-cetak-buku-pohuwato,true,true,0,23,11.18
/category/new,/blog/category/new,true,true,0,7,11.13
/jasa-cetak-buku-batu-bara,/blog/jasa-cetak-buku-batu-bara,true,true,0,185,11.08
/jasa-sewa-printer-surabaya-perorangan-perusahaan,/blog/jasa-sewa-printer-surabaya-perorangan-perusahaan,true,true,0,181,11.04
/jasa-cetak-buku-musi-rawas,/blog/jasa-cetak-buku-musi-rawas,true,true,0,179,11.02
/category/kasir,/blog/category/kasir,true,true,0,1,11
/jasa-cetak-buku-batanghari,/blog/jasa-cetak-buku-batanghari,true,true,0,1,11
/jasa-cetak-buku-minahasa,/blog/jasa-cetak-buku-minahasa,true,true,0,1,11
/jasa-cetak-buku-simalungun,/blog/jasa-cetak-buku-simalungun,true,true,0,1,11
/jasa-cetak-buku-dairi,/blog/jasa-cetak-buku-dairi,true,true,0,169,10.92
/category/rekomendasi,/blog/category/rekomendasi,true,true,0,3,10.87
/jasa-cetak-buku-nias,/blog/jasa-cetak-buku-nias,true,true,0,14,10.85
/jasa-cetak-buku-on-demand-solusi-cerdas-penulis-pemula,/blog/jasa-cetak-buku-on-demand-solusi-cerdas-penulis-pemula,true,true,0,161,10.84
/411081-2,/blog/411081-2,true,true,0,158,10.81
/jasa-cetak-buku-belu,/blog/jasa-cetak-buku-belu,true,true,0,5,10.67
/category/coworking-space,/blog/category/coworking-space,true,true,0,4,10.6
/jasa-cetak-buku-tebo,/blog/jasa-cetak-buku-tebo,true,true,0,2,10.51
/jasa-cetak-buku-seruyan,/blog/jasa-cetak-buku-seruyan,true,true,0,17,10.4
/jasa-cetak-buku-ambon,/blog/jasa-cetak-buku-ambon,true,true,0,101,10.38
/jasa-pasang-kasir-administrasi-keuangan-minimarket-surabaya,/blog/jasa-pasang-kasir-administrasi-keuangan-minimarket-surabaya,true,true,0,215,10.34
/hingga-semua-nampak-jelas-dan-bermakna,/blog/hingga-semua-nampak-jelas-dan-bermakna,true,true,0,17,10.26
/category/sample,/blog/category/sample,true,true,0,1,10.2
/jasa-install-final-cut-pro-editing-video-profesional-di-mac-anda,/blog/jasa-install-final-cut-pro-editing-video-profesional-di-mac-anda,true,true,0,111,10.2
/no-1-jual-game-pc-depok,/blog/no-1-jual-game-pc-depok,true,true,0,1,10.2
/no-1-jual-game-pc-lebak,/blog/no-1-jual-game-pc-lebak,true,true,0,1,10.2
/rekomendasi-jual-game-pc-banyumas,/blog/rekomendasi-jual-game-pc-banyumas,true,true,0,1,10.2
/rekomendasi-jual-game-pc-lumajang,/blog/rekomendasi-jual-game-pc-lumajang,true,true,0,1,10.2
/terbaik-jual-game-pc-jakarta-utara,/blog/terbaik-jual-game-pc-jakarta-utara,true,true,0,1,10.2
/jasa-cetak-buku-bangka-selatan,/blog/jasa-cetak-buku-bangka-selatan,true,true,0,13,10.14
/411062-2,/blog/411062-2,true,true,0,105,10.1
/blog-2,/blog/blog-2,true,true,0,7,10.07
/jasa-cetak-buku-barito-timur,/blog/jasa-cetak-buku-barito-timur,true,true,0,9,10.07
/jasa-cetak-buku-banda-aceh,/blog/jasa-cetak-buku-banda-aceh,true,true,0,90,9.84
/rahasia-cetak-buku-murah-tapi-gak-murahan-wajib-tahu-2,/blog/rahasia-cetak-buku-murah-tapi-gak-murahan-wajib-tahu-2,true,true,0,86,9.76
/jasa-install-football-manager-2017-fm-17-full-update-surabaya,/blog/jasa-install-football-manager-2017-fm-17-full-update-surabaya,true,true,0,151,9.73
/category/game/page/10,/blog/category/game,true,true,0,2,9.71
/jasa-cetak-buku-siak,/blog/jasa-cetak-buku-siak,true,true,0,137,9.56
/blog-4,/blog/blog-4,true,true,0,42,9.53
/category/casino,/blog/category/casino,true,true,0,9,9.53
/jasa-cetak-buku-satuan-terdekat-ini-5-pilihan-terbaik,/blog/jasa-cetak-buku-satuan-terdekat-ini-5-pilihan-terbaik,true,true,0,74,9.5
/rahasia-cetak-buku-murah-tapi-gak-murahan-wajib-tahu,/blog/rahasia-cetak-buku-murah-tapi-gak-murahan-wajib-tahu,true,true,0,70,9.41
/jasa-cetak-buku-sungaipenuh,/blog/jasa-cetak-buku-sungaipenuh,true,true,0,4,9.4
/no-1-jual-game-pc-jakarta-selatan,/blog/no-1-jual-game-pc-jakarta-selatan,true,true,0,1,9.4
/jasa-cetak-buku-kutai-barat,/blog/jasa-cetak-buku-kutai-barat,true,true,0,62,9.33
/jasa-cetak-buku-barito-selatan,/blog/jasa-cetak-buku-barito-selatan,true,true,0,9,9.27
/cara-membuat-sticky-note-windows-10,/blog/cara-membuat-sticky-note-windows-10,true,true,0,113,9.23
/perkembangan-komputer-dari-mesin-hitung-hingga-kecerdasan-buatan,/blog/perkembangan-komputer-dari-mesin-hitung-hingga-kecerdasan-buatan,true,true,0,107,9.13
/jasa-cetak-buku-pelalawan,/blog/jasa-cetak-buku-pelalawan,true,true,0,16,9.12
/pembuatan-website,/blog/pembuatan-website,true,true,0,104,9.08
/jual-flashdisk-multiboot-install-ulang-32-gb-16gb-windows-7-8-8-1-10-32bit-dan-64bit-all-in-one,/blog/jual-flashdisk-multiboot-install-ulang-32-gb-16gb-windows-7-8-8-1-10-32bit-dan-64bit-all-in-one,true,true,0,95,8.93
/jual-flashdisk-multiboot-install-ulang-windows-7-8-8-1-10-32bit-dan-64bit-surabaya-sidoarjo,/blog/jual-flashdisk-multiboot-install-ulang-windows-7-8-8-1-10-32bit-dan-64bit-surabaya-sidoarjo,true,true,0,95,8.93
/category/umkm,/blog/category/umkm,true,true,0,3,8.74
/jasa-cetak-buku-katingan,/blog/jasa-cetak-buku-katingan,true,true,0,14,8.73
/review-jujur-jasa-cetak-buku-online-mana-paling-cepat-murah,/blog/review-jujur-jasa-cetak-buku-online-mana-paling-cepat-murah,true,true,0,79,8.61
/terms-conditions,/blog/terms-conditions,true,true,0,13,8.6
/jual-komputer-laptop-karaoke-home-karaoke-surabaya-gresik-sidoarjo-lamongan,/blog/jual-komputer-laptop-karaoke-home-karaoke-surabaya-gresik-sidoarjo-lamongan,true,true,0,42,8.53
/jasa-cetak-buku-maluku-barat-daya,/blog/jasa-cetak-buku-maluku-barat-daya,true,true,0,14,8.5
/jasa-cetak-buku-tabalong,/blog/jasa-cetak-buku-tabalong,true,true,0,14,8.5
/download-oneui-5-1-for-exynos-galaxy-s10-series,/blog/download-oneui-5-1-for-exynos-galaxy-s10-series,true,true,0,38,8.36
/410008-2,/blog/410008-2,true,true,0,37,8.32
/jasa-cetak-buku-kuantan-singingi,/blog/jasa-cetak-buku-kuantan-singingi,true,true,0,7,8.27
/jasa-cetak-buku-way-kanan,/blog/jasa-cetak-buku-way-kanan,true,true,0,36,8.27
/pasang-kasir-restaurant-surabaya-implementasi-kasir-surabaya,/blog/pasang-kasir-restaurant-surabaya-implementasi-kasir-surabaya,true,true,0,35,8.23
/jasa-instal-aplikasi-sidoarjo,/blog/jasa-instal-aplikasi-sidoarjo,true,true,0,61,8.17
/5-kriteria-penting-memilih-jasa-cetak-buku-terbaik-untuk-karya-anda,/blog/5-kriteria-penting-memilih-jasa-cetak-buku-terbaik-untuk-karya-anda,true,true,0,33,8.13
/understanding-betting-limits-and-rules-on-1xbet-apk,/blog/understanding-betting-limits-and-rules-on-1xbet-apk,true,true,0,32,8.07
/jasa-install-fm-2020-football-manager-2020-surabaya-sidoarjo-malang-lamongan,/blog/jasa-install-fm-2020-football-manager-2020-surabaya-sidoarjo-malang-lamongan,true,true,0,57,8.05
/kakie-stavki-na-sport-dostupny-na-mostbet-prognozy-ekspertov,/blog/kakie-stavki-na-sport-dostupny-na-mostbet-prognozy-ekspertov,true,true,0,56,8.02
/najlepsze-legalne-kasyna-on-line-w-polsce-na-prawdziwe-pieniadze,/blog/najlepsze-legalne-kasyna-on-line-w-polsce-na-prawdziwe-pieniadze,true,true,0,31,8.02
/jasa-cetak-buku-bireuen,/blog/jasa-cetak-buku-bireuen,true,true,0,29,7.91
/category/marketing,/blog/category/marketing,true,true,0,7,7.81
/category/design,/blog/category/design,true,true,0,4,7.8
/jasa-cetak-buku-kolaka,/blog/jasa-cetak-buku-kolaka,true,true,0,19,7.72
/rekomendasi-jual-game-pc-yogyakarta,/blog/rekomendasi-jual-game-pc-yogyakarta,true,true,0,9,7.58
/best-online-casinos-nz-2025-trusted-quick-payouts-huge-bonuses,/blog/best-online-casinos-nz-2025-trusted-quick-payouts-huge-bonuses,true,true,0,43,7.57
/category/jasa-isi-film-surabaya,/blog/category/jasa-isi-film-surabaya,true,true,0,10,7.57
/category/automation,/blog/category/automation,true,true,0,2,7.31
/category/test,/blog/category/test,true,true,0,2,7.31
/category/desain-layout,/blog/category/desain-layout,true,true,0,20,7.29
/jasa-cetak-buku-kupang,/blog/jasa-cetak-buku-kupang,true,true,0,19,7.2
/test-keyword-professional-services,/blog/test-keyword-professional-services,true,true,0,19,7.2
/studi-kasus-proses-cetak-buku-novel-dari-naskah-hingga-jadi-buku-fisik,/blog/studi-kasus-proses-cetak-buku-novel-dari-naskah-hingga-jadi-buku-fisik,true,true,0,11,7.13
/jasa-cetak-buku-mamberamo-raya,/blog/jasa-cetak-buku-mamberamo-raya,true,true,0,17,7.02
/top-review-list-elementor,/blog/top-review-list-elementor,true,true,0,1,7
/category/jasa-recovery-data,/blog/category/jasa-recovery-data,true,true,0,16,6.92
/jasa-cetak-buku-buleleng,/blog/jasa-cetak-buku-buleleng,true,true,0,16,6.92
/jasa-cetak-buku-pulau-morotai,/blog/jasa-cetak-buku-pulau-morotai,true,true,0,10,6.85
/category/install-ulang-macbook,/blog/category/install-ulang-macbook,true,true,0,15,6.82
/category/spesifikasi-buku,/blog/category/spesifikasi-buku,true,true,0,15,6.82
/soft-cover-hard-cover-atau-spiral-mengenal-pilihan-jilid-buku-terbaik,/blog/soft-cover-hard-cover-atau-spiral-mengenal-pilihan-jilid-buku-terbaik,true,true,0,14,6.7
/no-code-development,/blog/no-code-development,true,true,0,25,6.66
/jasa-cetak-buku-jayawijaya,/blog/jasa-cetak-buku-jayawijaya,true,true,0,13,6.58
/jasa-cetak-buku-mimika,/blog/jasa-cetak-buku-mimika,true,true,0,12,6.46
/jasa-cetak-buku-bengkulu-utara,/blog/jasa-cetak-buku-bengkulu-utara,true,true,0,21,6.37
/jasa-cetak-buku-labuhanbatu,/blog/jasa-cetak-buku-labuhanbatu,true,true,0,11,6.32
/20-business-blogs-that-will-blow-your-mind,/blog/20-business-blogs-that-will-blow-your-mind,true,true,0,20,6.29
/category/jual-pc-karaoke,/blog/category/jual-pc-karaoke,true,true,0,5,6.19
/jasa-cetak-buku-kutai-timur,/blog/jasa-cetak-buku-kutai-timur,true,true,0,5,6.19
/it-infrastructure-planning-surabaya,/blog/it-infrastructure-planning-surabaya,true,true,0,10,6.17
/jasa-cetak-buku-mappi,/blog/jasa-cetak-buku-mappi,true,true,0,10,6.17
/jasa-cetak-buku-tanah-datar,/blog/jasa-cetak-buku-tanah-datar,true,true,0,10,6.17
/jual-dvd-install-ulang-windows-8-1-32bit-dan-64bit-aio-bonus-driver-pack-dan-software,/blog/jual-dvd-install-ulang-windows-8-1-32bit-dan-64bit-aio-bonus-driver-pack-dan-software,true,true,0,10,6.17
/category/sanity-io,/blog/category/sanity-io,true,true,0,18,6.12
/category/layanan-tambahan,/blog/category/layanan-tambahan,true,true,0,6,6.11
/category/layanan-cetak,/blog/category/layanan-cetak,true,true,0,9,6
/category/monitoring,/blog/category/monitoring,true,true,0,9,6
/jasa-cetak-buku-boalemo,/blog/jasa-cetak-buku-boalemo,true,true,0,9,6
/the-ultimate-mobile-app-for-managing-your-wellbeing,/blog/the-ultimate-mobile-app-for-managing-your-wellbeing,true,true,0,9,6
/jasa-cetak-buku-tapanuli-utara,/blog/jasa-cetak-buku-tapanuli-utara,true,true,0,10,5.97
/jasa-cetak-buku-ngada,/blog/jasa-cetak-buku-ngada,true,true,0,9,5.89
/jasa-cetak-buku-bulungan,/blog/jasa-cetak-buku-bulungan,true,true,0,5,5.87
/category/stkbank-ru-pinko-kazino-5000-ru,/blog/category/stkbank-ru-pinko-kazino-5000-ru,true,true,0,15,5.82
/category/tech-community,/blog/category/tech-community,true,true,0,8,5.82
/jasa-cetak-buku-bantaeng,/blog/jasa-cetak-buku-bantaeng,true,true,0,8,5.82
/jasa-cetak-buku-buton-utara,/blog/jasa-cetak-buku-buton-utara,true,true,0,8,5.82
/jasa-cetak-buku-kapuas,/blog/jasa-cetak-buku-kapuas,true,true,0,8,5.82
/category/game-pc,/blog/category/game-pc,true,true,0,7,5.61
/panduan-lengkap-cetak-buku-indie-dari-naskah-sampai-jadi,/blog/panduan-lengkap-cetak-buku-indie-dari-naskah-sampai-jadi,true,true,0,7,5.61
/jasa-cetak-buku-ternate,/blog/jasa-cetak-buku-ternate,true,true,0,1,5.4
/category/api,/blog/category/api,true,true,0,6,5.38
/category/it-support,/blog/category/it-support,true,true,0,6,5.38
/isi-game-pc-football-manager-fm-2019-sharing-account-surabaya,/blog/isi-game-pc-football-manager-fm-2019-sharing-account-surabaya,true,true,0,6,5.38
/jasa-cetak-buku-biak-numfor,/blog/jasa-cetak-buku-biak-numfor,true,true,0,6,5.38
/rekomendasi-jual-game-pc-batang,/blog/rekomendasi-jual-game-pc-batang,true,true,0,6,5.38
/jasa-cetak-buku-supiori,/blog/jasa-cetak-buku-supiori,true,true,0,11,5.32
/mobile-gaming-with-lucky-hills-in-australia,/blog/mobile-gaming-with-lucky-hills-in-australia,true,true,0,11,5.32
/vulkan-vegas-gaming-lizenzen-legitimitat-und-vertrauensfaktoren,/blog/vulkan-vegas-gaming-lizenzen-legitimitat-und-vertrauensfaktoren,true,true,0,11,5.32
/category/home-karaoke,/blog/category/home-karaoke,true,true,0,5,5.11
/jasa-cetak-buku-aceh-selatan,/blog/jasa-cetak-buku-aceh-selatan,true,true,0,5,5.11
/jasa-cetak-buku-landak,/blog/jasa-cetak-buku-landak,true,true,0,5,5.11
/jasa-cetak-buku-musi-banyuasin,/blog/jasa-cetak-buku-musi-banyuasin,true,true,0,5,5.11
/jasa-cetak-buku-edisi-terbatas-untuk-komunitas-merchandise,/blog/jasa-cetak-buku-edisi-terbatas-untuk-komunitas-merchandise,true,true,0,9,5
/bukmekerskie-kontory-i-nalog-na-vyigryshi-chto-nuzhno-znat,/blog/bukmekerskie-kontory-i-nalog-na-vyigryshi-chto-nuzhno-znat,true,true,0,8,4.82
/smart-city-surabaya,/blog/smart-city-surabaya,true,true,0,8,4.82
/want-to-grow-your-business-you-need-a-growth-strategy,/blog/want-to-grow-your-business-you-need-a-growth-strategy,true,true,0,8,4.82
/category/backup,/blog/category/backup,true,true,0,4,4.8
/category/finishing-buku,/blog/category/finishing-buku,true,true,0,4,4.8
/category/javascript,/blog/category/javascript,true,true,0,4,4.8
/jasa-cetak-buku-seram-bagian-timur,/blog/jasa-cetak-buku-seram-bagian-timur,true,true,0,4,4.8
/category/maintenance-komputer,/blog/category/maintenance-komputer,true,true,0,7,4.61
/category/sewa-laptop,/blog/category/sewa-laptop,true,true,0,7,4.61
/category/jasa-install-software-windows,/blog/category/jasa-install-software-windows,true,true,0,3,4.47
/category/cetak-satuan,/blog/category/cetak-satuan,true,true,0,3,4.41
/category/service-printer,/blog/category/service-printer,true,true,0,3,4.41
/category/toko-online,/blog/category/toko-online,true,true,0,3,4.41
/jasa-cetak-buku-nduga,/blog/jasa-cetak-buku-nduga,true,true,0,3,4.41
/jasa-cetak-buku-sikka,/blog/jasa-cetak-buku-sikka,true,true,0,3,4.41
/category/legalitas-buku,/blog/category/legalitas-buku,true,true,0,5,4.11
/category/macbook,/blog/category/macbook,true,true,0,5,4.11
/best-music-apps-for-smartwatches-elevate-your-listening-experience,/blog/best-music-apps-for-smartwatches-elevate-your-listening-experience,true,true,0,2,3.91
/best-online-casinos-australia-top-aussie-betting-sites-2025,/blog/best-online-casinos-australia-top-aussie-betting-sites-2025,true,true,0,2,3.91
/category/ai-news,/blog/category/ai-news,true,true,0,2,3.91
/category/teknologi-percetakan,/blog/category/teknologi-percetakan,true,true,0,2,3.91
/category/tips-perawatan,/blog/category/tips-perawatan,true,true,0,2,3.91
/efficient-software-solutions-for-smart-home-support-in-the-workplace,/blog/efficient-software-solutions-for-smart-home-support-in-the-workplace,true,true,0,2,3.91
/jasa-cetak-buku-kepulauan-talaud,/blog/jasa-cetak-buku-kepulauan-talaud,true,true,0,2,3.91
/step-up-your-game-with-the-most-comfortable-gaming-chairs-on-the-market,/blog/step-up-your-game-with-the-most-comfortable-gaming-chairs-on-the-market,true,true,0,2,3.91
/sweet-paz-demo-play-totally-free-experience-the-particular-fun,/blog/sweet-paz-demo-play-totally-free-experience-the-particular-fun,true,true,0,2,3.91
/category/layanan-mahasiswa,/blog/category/layanan-mahasiswa,true,true,0,4,3.8
/category/pos-system,/blog/category/pos-system,true,true,0,4,3.8
/category/sistem-pos,/blog/category/sistem-pos,true,true,0,4,3.8
/category/sweet-bonanza,/blog/category/sweet-bonanza,true,true,0,1,3.8
/category/teknik-cetak,/blog/category/teknik-cetak,true,true,0,4,3.8
/category/teknologi-bisnis,/blog/category/teknologi-bisnis,true,true,0,4,3.8
/jasa-cetak-buku-kepulauan-sula,/blog/jasa-cetak-buku-kepulauan-sula,true,true,0,4,3.8
/your-performance-with-state-of-the-art-playstation-gaming-gear,/blog/your-performance-with-state-of-the-art-playstation-gaming-gear,true,true,0,4,3.8
/category,/blog/category,true,true,0,3,3.41
/category/biaya-cetak,/blog/category/biaya-cetak,true,true,0,3,3.41
/category/cetak-buku-sekolah,/blog/category/cetak-buku-sekolah,true,true,0,3,3.41
/category/harga-cetak,/blog/category/harga-cetak,true,true,0,3,3.41
/category/inovasi-publik,/blog/category/inovasi-publik,true,true,0,3,3.41
/category/jasa-install-ulang-windows,/blog/category/jasa-install-ulang-windows,true,true,0,3,3.41
/category/jasa-pendukung,/blog/category/jasa-pendukung,true,true,0,3,3.41
/category/kisah-sukses,/blog/category/kisah-sukses,true,true,0,3,3.41
/category/layanan-kilat,/blog/category/layanan-kilat,true,true,0,3,3.41
/category/layanan-panggilan,/blog/category/layanan-panggilan,true,true,0,3,3.41
/category/proses-produksi,/blog/category/proses-produksi,true,true,0,3,3.41
/category/scalability,/blog/category/scalability,true,true,0,3,3.41
/category/tags,/blog/category/tags,true,true,0,3,3.41
/category/teknik-jilid,/blog/category/teknik-jilid,true,true,0,3,3.41
/category/tes-2,/blog/category/tes-2,true,true,0,3,3.41
/category/troubleshooting-jaringan,/blog/category/troubleshooting-jaringan,true,true,0,3,3.41
/new,/blog/new,true,true,0,3,3.41
/web-design-responsive-surabaya,/blog/web-design-responsive-surabaya,true,true,0,3,3.41
/web-design-surabaya-professional-services,/blog/web-design-surabaya-professional-services,true,true,0,3,3.41
/category/888starz-bd,/blog/category/888starz-bd,true,true,0,1,3.2
/category/data-protection,/blog/category/data-protection,true,true,0,1,3.2
/category/iot,/blog/category/iot,true,true,0,1,3.2
/category/jasa,/blog/category/jasa,true,true,0,1,3.2
/category/ricky-casino-australia,/blog/category/ricky-casino-australia,true,true,0,1,3.2
/category/service-komputer,/blog/category/service-komputer,true,true,0,1,3.2
/category/tips-penulis,/blog/category/tips-penulis,true,true,0,1,3.2
/jasa-persewaan-komputer-unbk-ujian-sekolah,/blog/jasa-persewaan-komputer-unbk-ujian-sekolah,true,true,0,1,3.2
/1xbet-online-best-sports-to-bet-on-for-beginners,/blog/1xbet-online-best-sports-to-bet-on-for-beginners,true,true,0,2,2.91
/5-stages-of-team-development-what-you-need-to-know,/blog/5-stages-of-team-development-what-you-need-to-know,true,true,0,2,2.91
/backup-recovery-sistem-surabaya,/blog/backup-recovery-sistem-surabaya,true,true,0,2,2.91
/category/3,/blog/category/3,true,true,0,2,2.91
/category/desain-cover,/blog/category/desain-cover,true,true,0,2,2.91
/category/digitalisasi-umkm,/blog/category/digitalisasi-umkm,true,true,0,2,2.91
/category/efisiensi-biaya,/blog/category/efisiensi-biaya,true,true,0,2,2.91
/category/infrastructure-planning,/blog/category/infrastructure-planning,true,true,0,2,2.91
/category/jasa-pembuatan-website,/blog/category/jasa-pembuatan-website,true,true,0,2,2.91
/category/pasang-cctv,/blog/category/pasang-cctv,true,true,0,2,2.91
/category/percetakan,/blog/category/percetakan,true,true,0,2,2.91
/category/startup-hub,/blog/category/startup-hub,true,true,0,2,2.91
/category/teknologi,/blog/category/teknologi,true,true,0,2,2.91
/category/ui-ux,/blog/category/ui-ux,true,true,0,2,2.91
/jasa-cetak-buku-deiyai,/blog/jasa-cetak-buku-deiyai,true,true,0,2,2.91
/jasa-cetak-buku-konawe-selatan,/blog/jasa-cetak-buku-konawe-selatan,true,true,0,2,2.91
/jasa-pembuatan-software-dokter-klinik,/blog/jasa-pembuatan-software-dokter-klinik,true,true,0,2,2.91
/no-1-jual-game-pc-ngawi,/blog/no-1-jual-game-pc-ngawi,true,true,0,2,2.91
/category/custom-software,/blog/category/custom-software,true,true,0,1,2.2
/category/desain-grafis,/blog/category/desain-grafis,true,true,0,1,2.2
/category/disaster-recovery,/blog/category/disaster-recovery,true,true,0,1,2.2
/category/download-software,/blog/category/download-software,true,true,0,1,2.2
/category/ekosistem-tech,/blog/category/ekosistem-tech,true,true,0,1,2.2
/category/event-management,/blog/category/event-management,true,true,0,1,2.2
/category/layanan-cepat,/blog/category/layanan-cepat,true,true,0,1,2.2
/category/material-buku,/blog/category/material-buku,true,true,0,1,2.2
/category/responsive-design,/blog/category/responsive-design,true,true,0,1,2.2
/category/service-laptop-surabaya,/blog/category/service-laptop-surabaya,true,true,0,1,2.2
/category/sidoarjo,/blog/category/sidoarjo,true,true,0,1,2.2
/category/software-development,/blog/category/software-development,true,true,0,1,2.2
/category/software,/blog/category/software,true,true,0,1,2.2
/category/tips-trik,/blog/category/tips-trik,true,true,0,1,2.2
/category/transformasi-bisnis,/blog/category/transformasi-bisnis,true,true,0,1,2.2
/category/umkm-online,/blog/category/umkm-online,true,true,0,1,2.2
/category/website-murah,/blog/category/website-murah,true,true,0,1,2.2
/jasa-cetak-buku-dogiyai,/blog/jasa-cetak-buku-dogiyai,true,true,0,1,2.2
/jasa-cetak-buku-konawe,/blog/jasa-cetak-buku-konawe,true,true,0,1,2.2
/list-software-macbook-windows-kotacom,/blog/list-software-macbook-windows-kotacom,true,true,0,1,2.2
/the-dog-house-multihold,/blog/the-dog-house-multihold,true,true,0,1,2.2
/website-untuk-perusahaan-company-profile,/blog/website-untuk-perusahaan-company-profile,true,true,0,1,2.2
/writing-a-business-case-what-it-is-and-how-to-write,/blog/writing-a-business-case-what-it-is-and-how-to-write,true,true,0,1,2.2
